wt,i,bloom_ace2_binding,bloom_expression,chan_expression,chan_ace2_binding,fitness_eve,dissimilarity_charge_hydro,accessibility_wcn,evescape,max_escape_experiment_bloom,is_escape_experiment_bloom,max_escape_experiment_xie,is_escape_experiment_xie,is_escape_experiment_all,mean_escape_sera_Delta,mean_escape_sera_Beta,mean_escape_sera_Wuhan-Hu-1,max_sera,max_sera_strain
A,344,-0.4257894736842105,-1.4189473684210527,-2.1784210526315793,-1.4263157894736842,-6.551557681052631,-0.6188332683308134,-1.3114822434483633,-2.1007203854504914,0.034420000000000006,0.0,0.11362999999999998,0.0,0.0,0.08868093749999997,0.0758844,0.034564966315789473,0.08868093749999997,No Escape
A,348,-0.24421052631578946,-0.8794736842105262,-1.383157894736842,-1.1247368421052628,-2.564032305263158,-0.6188332683308134,-1.4165306496774042,-1.7281284831538597,0.19752421052631575,0.21052631578947367,0.3301257894736842,0.21052631578947367,0.3157894736842105,0.09800775,0.06779605555555557,0.07216954078947367,0.09800775,No Escape
A,352,-0.3352631578947368,-0.9273684210526316,-1.3452631578947372,-0.8547368421052632,-7.874952797894737,-0.6188332683308134,-1.2274142879446173,-2.291940620874544,0.15219105263157892,0.15789473684210525,0.3720894736842105,0.10526315789473684,0.21052631578947367,0.10518362499999998,0.06141824444444445,0.0780404005263158,0.10518362499999998,No Escape
A,363,-0.2336842105263158,-0.8810526315789473,-1.3715789473684212,-1.1021052631578947,-8.119078614736843,-0.6188332683308134,-1.8684201095441992,-3.602977910640009,0.08686684210526315,0.05263157894736842,0.006904421052631581,0.0,0.05263157894736842,0.038878499999999996,0.04855495555555556,0.08648886421052632,0.08648886421052632,No Escape
A,372,-0.10631578947368424,-0.3573684210526316,1.496842105263158,0.7663157894736842,-2.6598070550526307,-0.6188332683308134,-1.082986611599607,-1.3324950625428456,0.07403894736842105,0.0,0.38253947368421065,0.0,0.0,0.039175249999999995,0.07159487777777777,0.13035241536842107,0.13035241536842107,No Escape
A,397,-1.4885714285714289,-1.775714285714286,-2.501578947368421,-1.9621052631578948,-7.913731670526317,-0.6188332683308134,-1.7670698952333939,-3.2932214106812987,0.013386315789473684,0.0,0.03562631578947368,0.0,0.0,0.050672437499999994,0.02986813333333333,0.031205075000000002,0.050672437499999994,No Escape
A,411,-0.6489473684210527,-1.6231578947368424,-2.424736842105262,-1.667894736842105,-7.7820383547368435,-0.6188332683308134,-1.5954976194421309,-2.8632614975676334,0.015680526315789475,0.0,0.01662,0.0,0.0,0.050017562499999994,0.023692677777777782,0.021176248421052635,0.050017562499999994,No Escape
A,419,-1.2547368421052632,-2.068421052631579,-3.650000000000001,-2.6221052631578945,-8.03795260105263,-0.6188332683308134,-1.542952279170259,-2.8232374779458036,0.005912631578947368,0.0,0.011588421052631578,0.0,0.0,0.024013437500000005,0.003957688888888889,0.010694239999999999,0.024013437500000005,No Escape
A,435,-1.3421052631578945,-2.1178947368421057,-3.6615789473684215,-2.9331578947368424,-8.140752164210527,-0.6188332683308134,-1.6530829712276762,-3.0781632499987763,0.005229473684210528,0.0,0.005265263157894736,0.0,0.0,0.03270875,0.013777911111111112,0.01084737857894737,0.03270875,No Escape
A,475,-1.0173684210526317,-0.3863157894736843,0.08894736842105265,-0.5363157894736842,-2.482704570550526,-0.6188332683308134,-1.0298110149116426,-1.2807479874649816,0.6877789473684213,0.631578947368421,0.5965842105263157,0.21052631578947367,0.631578947368421,0.423532625,0.07428632222222221,0.18000232500000002,0.423532625,No Escape
A,520,-0.04631578947368421,-0.3026315789473684,,,-8.160790404210525,-0.6188332683308134,-1.8359035581172911,-3.5250189679062576,0.059607368421052624,0.0,0.3162928947368422,0.10526315789473684,0.10526315789473684,0.109690625,0.0916195888888889,0.11374517026315789,0.11374517026315789,No Escape
A,522,-0.01105263157894737,-0.11526315789473685,,,-7.953070731578945,-0.6188332683308134,-1.8198167787754536,-3.426439708023067,0.052140000000000006,0.0,0.03632278947368422,0.0,0.0,0.10521806250000001,0.09097324999999999,0.10353360210526319,0.10521806250000001,No Escape
C,336,-0.7063157894736841,-1.5478947368421052,-3.800526315789473,-2.790526315789473,-9.547719224210523,-0.7177378279781724,-1.859879868586517,-3.987467134482047,0.05201578947368421,0.05263157894736842,0.05262526315789474,0.0,0.05263157894736842,,,0.05191776842105263,0.05191776842105263,No Escape
C,361,-0.6326315789473683,-1.1047368421052632,-4.107368421052631,-2.9905263157894737,-9.627809894736842,-0.7177378279781724,-1.8234125776231207,-3.9174099622050433,0.1525421052631579,0.15789473684210525,0.19823157894736845,0.15789473684210525,0.21052631578947367,,,0.13345739026315792,0.13345739026315792,No Escape
C,379,-2.356315789473684,-2.8189473684210533,-4.296842105263159,-3.1157894736842113,-9.546130053684207,-0.7177378279781724,-1.8788452972604408,-4.036818944080431,0.0,0.0,0.0,0.0,0.0,,,,,
C,391,-0.0973684210526316,-0.22315789473684208,-3.2036842105263164,-2.2121052631578952,-9.433351837894737,-0.7177378279781724,-1.936207893594838,-4.157480524295951,0.05436105263157893,0.0,0.009931842105263154,0.0,0.0,,,0.15933223684210526,0.15933223684210526,No Escape
C,432,-3.0878947368421046,-2.8126315789473684,-3.829473684210527,-2.8205263157894738,-9.539369256842107,-0.7177378279781724,-1.908226819656556,-4.113458897704275,0.0,0.0,0.0,0.0,0.0,,,,,
C,480,-3.596315789473684,-1.3431578947368419,-3.5452631578947367,-2.7447368421052634,-5.540306644210527,-0.7177378279781724,-1.0298110149116426,-1.6427553782718445,0.0,0.0,0.10477368421052632,0.0,0.0,,,,,
C,488,-3.8415789473684216,-1.4257894736842105,-4.465789473684212,-3.45,-7.037312068421053,-0.7177378279781724,-1.0298110149116426,-1.9190224143406025,0.0,0.0,0.023757894736842103,0.0,0.0,,,,,
C,525,-0.14315789473684212,-0.6068421052631578,,,-9.451830768421052,-0.7177378279781724,-1.905306154782042,-4.0787434477229825,0.02724947368421053,0.0,0.24240394736842102,0.05263157894736842,0.05263157894736842,,,0.04858387918421051,0.04858387918421051,No Escape
D,364,-0.5652631578947369,-2.1505263157894743,-3.0868421052631576,-2.3573684210526307,-8.12085347263158,1.2102502983028731,-1.6468751363297038,-2.7951054288242587,0.0,0.0,0.0,0.0,0.0,0.018359375,0.008178588888888888,,0.018359375,No Escape
D,389,-0.12736842105263158,-0.5531578947368421,-1.5536842105263162,-1.1984210526315788,-7.7940468284210525,1.2102502983028731,-1.740539386430839,-2.9234905959620816,0.04755105263157895,0.0,0.009032315789473685,0.0,0.0,0.1005793125,0.07009470000000001,0.07092698089473685,0.1005793125,No Escape
D,398,-3.093684210526316,-2.4089473684210523,-3.381578947368421,-2.7094736842105265,-9.517470821052632,1.2102502983028731,-1.7016586448386668,-3.303350278803245,0.0,0.0,0.0,0.0,0.0,,,,,
D,405,-0.3231578947368422,-1.0342105263157897,-0.7163157894736842,-0.6026315789473684,-5.9742251516210505,1.2102502983028731,-1.2082725413535162,-1.6005503691250669,0.18617663157894734,0.21052631578947367,0.29263684210526314,0.0,0.21052631578947367,0.10616963750000001,0.10604656666666668,0.03184678336842105,0.10616963750000001,No Escape
D,420,-0.4726315789473685,-1.1521052631578947,-1.2647368421052627,-0.8410526315789473,-7.523759374736842,1.2102502983028731,-1.239655132026683,-1.946242650644852,0.41564210526315787,0.42105263157894735,0.3752315789473684,0.10526315789473684,0.42105263157894735,0.12440599999999999,0.053031077777777776,0.06148446052631581,0.12440599999999999,No Escape
D,427,-0.06947368421052631,-0.4778947368421052,0.8794736842105262,0.5468421052631578,-7.721196873684209,1.2102502983028731,-1.4361051578671145,-2.2761408307900552,0.04850526315789474,0.0,0.5610659473684212,0.2631578947368421,0.2631578947368421,0.126791375,0.08802441111111112,0.10013294552631577,0.126791375,No Escape
D,428,-0.15578947368421056,-0.8915789473684211,-0.4189473684210527,-0.45473684210526294,-7.1639185863157895,1.2102502983028731,-1.4950126157655494,-2.256395185501896,0.06467263157894736,0.0,0.06198010526315791,0.0,0.0,0.11868475,0.0897921888888889,0.07639283236842105,0.11868475,No Escape
D,442,-2.8352631578947367,-2.226315789473684,-3.833157894736842,-2.9157894736842103,-7.777646021052631,1.2102502983028731,-1.3504592138286002,-2.1598378039826187,0.0,0.0,0.0,0.0,0.0,0.0121149375,,,0.0121149375,No Escape
D,467,-1.89,-2.5642105263157897,-4.339473684210528,-3.451052631578948,-7.570627954736844,1.2102502983028731,-1.0298110149116426,-1.7579989335953607,0.0,0.0,0.0,0.0,0.0,,,,,
E,340,-0.2673684210526316,-0.9263157894736844,-0.6678947368421051,-0.3663157894736841,-4.600222926631579,1.0919526877442676,-1.3195653577137445,-1.5417418774031522,0.5723368421052631,0.5789473684210527,0.4616894736842106,0.15789473684210525,0.5789473684210527,0.07730875,0.07535988888888889,0.04998014921052631,0.07730875,No Escape
E,406,-0.9352631578947368,-1.9252631578947368,-2.0594736842105266,-1.4915789473684211,-4.4830242031578935,1.0919526877442676,-1.4448046556310392,-1.7156979101844254,0.059810526315789474,0.05263157894736842,0.14463157894736842,0.10526315789473684,0.10526315789473684,0.14834718750000003,0.11889646666666666,0.07555497421052633,0.14834718750000003,No Escape
E,465,-0.6047368421052631,-1.5294736842105263,-2.8584210526315785,-2.4189473684210525,-6.70279125263158,1.0919526877442676,-1.2492516150173418,-1.8009941817989683,0.011585263157894736,0.0,0.02067157894736842,0.0,0.0,0.05055593750000001,0.01117141111111111,0.02614079763157895,0.05055593750000001,No Escape
E,471,-0.11894736842105265,-0.5136842105263157,-0.7073684210526316,-0.27631578947368424,-2.646396365263158,1.0919526877442676,-0.9472764340094312,-0.9768810141476468,0.051228421052631576,0.0,0.037796,0.0,0.0,0.18843506250000003,0.08662165555555555,0.10023434105263158,0.18843506250000003,No Escape
E,484,-0.4026315789473684,-0.27631578947368424,0.2489473684210527,0.2489473684210527,-2.1144457387368423,1.0919526877442676,-0.9007221278160952,-0.9110997515896097,0.9959842105263158,1.0,0.984084210526316,0.631578947368421,1.0,1.5848861250000004,3.5096036777777777,1.3651713374999999,3.5096036777777777,mean_escape_sera_Wuhan-Hu-1
E,516,-0.21421052631578946,-1.2631578947368425,-0.9905263157894736,-0.6757894736842106,-7.95672028842105,1.0919526877442676,-1.7003200234388816,-2.8816763304927173,0.15026842105263158,0.0,0.026161368421052628,0.0,0.0,0.102074,0.05452208888888889,0.04743012789473685,0.102074,No Escape
F,338,-0.8010526315789473,-1.6763157894736842,-2.6742105263157896,-2.166315789473684,-8.21415761263158,-0.19606475846563265,-1.706443722173559,-3.1606405541121565,0.014967894736842109,0.0,0.039677894736842106,0.0,0.0,0.0358353125,0.030609755555555555,0.03515615631578948,0.0358353125,No Escape
F,342,-1.046842105263158,-2.063684210526315,-3.7063157894736833,-2.7463157894736847,-7.991398863157895,-0.19606475846563265,-1.6428772873727515,-2.958635679986075,0.009187368421052632,0.0,0.03377368421052631,0.0,0.0,0.0213554375,0.0175704,0.016405555263157897,0.0213554375,No Escape
F,347,-1.051578947368421,-1.8331578947368419,-3.2615789473684216,-2.5452631578947367,-7.820273976842107,-0.19606475846563265,-1.4510596231046868,-2.538037698217689,0.004432631578947369,0.0,0.06820842105263157,0.0,0.0,0.0133919375,0.005593333333333334,0.008234799999999999,0.0133919375,No Escape
F,374,-0.3073684210526316,-0.8357894736842104,-0.4878947368421052,-0.4531578947368421,-7.899237372631577,-0.19606475846563265,-1.4887105069541342,-2.627718558950868,0.13091894736842102,0.10526315789473684,0.17961999999999995,0.0,0.10526315789473684,0.20158825000000002,0.15330834444444444,0.12273095184210527,0.20158825000000002,No Escape
F,377,-0.8826315789473682,-1.89,-2.1342105263157896,-1.3652631578947367,-8.470059085263156,-0.19606475846563265,-1.5730066913758745,-2.938644979105736,0.032043157894736836,0.0,0.056176315789473685,0.0,0.0,0.06751525,0.03507978888888889,0.03818448499999999,0.06751525,No Escape
F,392,-0.13789473684210524,-0.5631578947368422,-1.5394736842105257,-1.2499999999999998,-8.337584165263161,-0.19606475846563265,-1.8763346940694159,-3.6177545727141136,0.06846105263157894,0.0,0.030877684210526318,0.0,0.0,0.13330771875,0.10563816666666667,0.10256947894736844,0.13330771875,No Escape
F,400,-4.015789473684212,-2.6626315789473685,-4.352631578947369,-3.1189473684210527,-8.823510138947368,-0.19606475846563265,-1.6807224892232668,-3.2672088229790823,0.0,0.0,0.0,0.0,0.0,,,,,
F,429,-2.9957894736842103,-2.5884210526315785,-3.0642105263157893,-2.4226315789473687,-8.41377631263158,-0.19606475846563265,-1.7523668061015418,-3.3226100637106017,0.0026005263157894733,0.0,0.003666315789473684,0.0,0.0,0.0046353125,0.005574733333333333,0.006073018421052633,0.006073018421052633,No Escape
F,456,-1.7163157894736842,-0.3247368421052632,-0.20368421052631566,-0.4936842105263157,-2.656805425252632,-0.19606475846563265,-1.1579877788696749,-1.3407066467691355,0.6840368421052628,0.6842105263157895,0.6487999999999999,0.15789473684210525,0.6842105263157895,0.4722569374999999,0.2939631333333333,1.4578770081578951,1.4578770081578951,mean_escape_sera_Wuhan-Hu-1
F,464,-0.3373684210526316,-1.0221052631578946,-2.305263157894737,-1.7605263157894742,-5.749621595789473,-0.19606475846563265,-1.4552376816495842,-2.1157115112503497,0.027514736842105262,0.0,0.03941547368421052,0.0,0.0,0.10305012499999998,0.04510825555555556,0.07170274189473685,0.10305012499999998,No Escape
F,486,-0.6573684210526317,0.08210526315789474,1.1052631578947372,-0.11842105263157901,-3.9499758911642115,-0.19606475846563265,-0.8258901714381764,-1.237431926748177,0.9928578947368422,1.0,0.8272263157894735,0.5789473684210527,1.0,0.7522506875000001,0.11276672222222223,0.5067625192105263,0.7522506875000001,mean_escape_sera_Delta
F,490,-0.042631578947368416,-0.17052631578947364,0.721578947368421,0.34210526315789475,-0.7077251245157893,-0.19606475846563265,-1.0298110149116426,-1.1098539143617898,0.9156105263157894,0.9473684210526316,0.8315999999999999,0.3157894736842105,0.9473684210526316,0.6527615000000001,0.7633230888888887,0.4119549878947369,0.7633230888888887,mean_escape_sera_Beta
F,497,-3.9694736842105263,-2.0621052631578944,-3.7021052631578932,-2.9800000000000004,-7.681349884210527,-0.19606475846563265,-1.3917505731381783,-2.40278646225041,0.0,0.0,0.0,0.0,0.0,,,,,
F,515,-0.8363157894736843,-2.157368421052632,-2.943157894736842,-2.241052631578948,-8.042234386315789,-0.19606475846563265,-1.8519903374591284,-3.4768735870245777,0.005594736842105264,0.0,0.011080526315789471,0.0,0.0,0.029242750000000005,0.016156255555555558,0.009075023684210525,0.029242750000000005,No Escape
G,339,-0.0910526315789474,-0.2310526315789473,1.1194736842105264,0.6210526315789473,-4.820772504421053,-0.6711945057911799,-1.3655080952105405,-1.8949885000709776,0.0531821052631579,0.0,0.6283052631578947,0.05263157894736842,0.05263157894736842,0.11534736250000001,0.11335647777777777,0.1049256592631579,0.11534736250000001,No Escape
G,381,-0.5121052631578947,-1.5900000000000003,-3.4884210526315784,-2.7494736842105256,-8.538107124210526,-0.6711945057911799,-1.7651585859502608,-3.4526633310508843,0.2380721052631579,0.2631578947368421,0.06212052631578947,0.0,0.2631578947368421,0.05459393750000001,0.028236511111111116,0.0452504127631579,0.05459393750000001,No Escape
G,404,-1.8568421052631576,-1.8126315789473688,-3.2605263157894733,-2.371578947368421,-5.218807508947369,-0.6711945057911799,-1.4673837215426282,-2.117736321332924,0.10471052631578948,0.10526315789473684,0.1061421052631579,0.10526315789473684,0.15789473684210525,0.05355318750000001,,0.01269343105263158,0.05355318750000001,No Escape
G,413,-0.4410526315789474,-0.8247368421052631,-0.6936842105263158,-0.5226315789473683,-6.68447489894737,-0.6711945057911799,-1.4386042500572351,-2.331572929613942,0.04076526315789473,0.0,0.4739521052631578,0.3157894736842105,0.3157894736842105,0.1296105625,0.08309026666666666,0.10898310684210528,0.1296105625,No Escape
G,416,-2.587894736842106,-2.228421052631579,-3.8052631578947365,-3.03,-8.732784208421053,-0.6711945057911799,-1.2988958605603502,-2.614772526998497,0.0,0.0,0.0,0.0,0.0,,,,,
G,431,-4.602105263157894,-2.7857894736842104,-3.5873684210526315,-2.8910526315789475,-8.603297824210525,-0.6711945057911799,-1.8815465119936896,-3.768447481321457,0.0,0.0,0.0,0.0,0.0,,,,,
G,446,-0.25789473684210523,-0.4494736842105264,0.31947368421052624,0.11,-2.4624495663157893,-0.6711945057911799,-0.8698046383230323,-1.1855587579173823,0.9406421052631578,1.0,0.8242473684210526,0.5789473684210527,1.0,0.23174949999999997,1.3057323555555556,0.3842857728947369,1.3057323555555556,mean_escape_sera_Beta
G,447,-1.5784210526315785,-0.4805263157894738,-0.16210526315789472,-0.41157894736842093,-6.137240431578947,-0.6711945057911799,-1.0950658344017197,-1.7806069410613508,0.7579368421052631,0.7894736842105263,0.7403157894736841,0.2631578947368421,0.8421052631578947,0.05555643749999999,2.8073974555555554,0.5300696232105263,2.8073974555555554,mean_escape_sera_Beta
G,476,-1.2594736842105263,-0.9610526315789476,-2.953157894736842,-2.2189473684210523,-2.837613709652632,-0.6711945057911799,-0.9648548415828864,-1.2640514221947559,0.4218431578947368,0.42105263157894735,0.3564008421052631,0.05263157894736842,0.42105263157894735,0.2473995625,0.036387388888888886,0.08493787789473685,0.2473995625,No Escape
G,482,-0.1947368421052632,-0.6636842105263158,-0.89,-0.4426315789473685,-3.645779577578947,-0.6711945057911799,-0.8718496093563604,-1.2979886377248706,0.1381152631578947,0.10526315789473684,0.2931715789473684,0.0,0.10526315789473684,0.23743781249999998,0.07852234444444445,0.1014614763157895,0.23743781249999998,No Escape
G,485,-0.4868421052631579,-0.6157894736842106,-0.8768421052631579,-0.9394736842105263,-3.897914855473685,-0.6711945057911799,-0.8582471222908021,-1.311125380573418,0.6303,0.6842105263157895,0.5845978947368422,0.10526315789473684,0.6842105263157895,1.5140051250000002,0.061682922222222235,0.28686222676315787,1.5140051250000002,mean_escape_sera_Delta
G,496,-1.5284210526315791,-0.06894736842105262,1.0242105263157892,0.1052631578947368,-5.906273771578947,-0.6711945057911799,-1.1256734957424361,-1.7777773688411131,0.6572321052631579,0.5789473684210527,0.588642105263158,0.05263157894736842,0.631578947368421,0.029571312499999995,0.8102490477777778,0.3360634453105263,0.8102490477777778,mean_escape_sera_Beta
G,502,-4.354736842105262,0.08526315789473685,1.067894736842105,-0.013157894736842105,-5.9820004147368415,-0.6711945057911799,-1.0220455000712465,-1.7092600805547662,0.0,0.0,0.04232747368421054,0.0,0.0,,,,,
G,504,-0.5373684210526316,-0.1863157894736842,1.0673684210526315,0.3963157894736842,-4.993795296842107,-0.6711945057911799,-1.2380057884045421,-1.7511828514781167,0.953921052631579,1.0,0.8010089473684211,0.2631578947368421,1.0,0.12081143750000001,0.13105425555555555,0.15082849026315787,0.15082849026315787,No Escape
G,526,-0.05052631578947368,-0.275,,,-8.374725018947368,-0.6711945057911799,-1.8851475667377044,-3.7165667757696816,0.03584947368421052,0.0,0.13525773684210524,0.05263157894736842,0.05263157894736842,0.1612256875,0.059756599999999986,0.07899206236842109,0.1612256875,No Escape
H,519,-0.05157894736842105,-0.4826315789473683,,,-1.5624832855578947,0.7326565614005311,-1.6411173965316443,-1.869168037298499,0.043396842105263164,0.0,0.20893505263157894,0.05263157894736842,0.05263157894736842,0.11857575000000001,0.09662669888888889,0.10280598368421051,0.11857575000000001,No Escape
I,332,-0.022631578947368426,-0.03368421052631578,,,-7.589256826315787,0.013380191375833106,-1.5200156431470582,-2.572590548727773,0.05522684210526317,0.0,0.008197210526315791,0.0,0.0,0.10359758125000001,0.10626033333333335,0.12451823000000002,0.12451823000000002,No Escape
I,358,-0.7131578947368421,-1.1921052631578946,-1.773684210526316,-1.117894736842105,-8.187048306315791,0.013380191375833106,-1.8168522170077344,-3.3964688881499314,0.10741368421052633,0.05263157894736842,0.047550578947368416,0.0,0.05263157894736842,0.050778374999999994,0.05152451111111111,0.05101840368421053,0.05152451111111111,No Escape
I,402,-2.93,-2.2963157894736845,-2.9557894736842103,-2.2068421052631577,-5.109682442526316,0.013380191375833106,-1.5988021842314308,-2.2649347024808497,0.009601052631578948,0.0,0.019420526315789475,0.0,0.0,0.010871937500000001,0.013146366666666666,0.01690828473684211,0.01690828473684211,No Escape
I,410,-3.506315789473684,-2.546315789473684,-3.7768421052631576,-2.9031578947368417,-6.1560453599999985,0.013380191375833106,-1.6710853169046729,-2.595475627763743,0.002852105263157895,0.0,0.00478,0.0,0.0,0.0085345625,0.0041396555555555554,0.005491765789473684,0.0085345625,No Escape
I,418,-3.1484210526315786,-2.502631578947369,-3.4621052631578952,-2.7968421052631585,-8.146050364210527,0.013380191375833106,-1.5821838856814519,-2.8415212433344466,0.002234210526315789,0.0,0.005636842105263158,0.0,0.0,0.008749374999999998,0.005016522222222222,0.005485005263157894,0.008749374999999998,No Escape
I,434,-1.3989473684210527,-1.9152631578947368,-1.9005263157894736,-1.4652631578947368,-5.058719035789473,0.013380191375833106,-1.7161016899350343,-2.5168850453191345,0.05542105263157895,0.05263157894736842,0.03740715789473685,0.0,0.05263157894736842,0.04368745625,0.04554402222222222,0.03394509815789474,0.04554402222222222,No Escape
I,468,-0.11157894736842107,-0.428421052631579,-0.6505263157894736,-0.13894736842105254,-5.240386971157896,0.013380191375833106,-1.0298110149116426,-1.4996609294777583,0.0621363157894737,0.0,0.6496247368421052,0.21052631578947367,0.21052631578947367,0.12813709375,0.06349811,0.16969980965789475,0.16969980965789475,No Escape
I,472,-0.7926315789473684,-0.5878947368421052,-1.6405263157894738,-1.506315789473684,-2.9122950503578946,0.013380191375833106,-1.0298110149116426,-1.2194992549614312,0.6913794736842105,0.7368421052631579,0.5342115789473684,0.10526315789473684,0.7368421052631579,0.7985370625,0.08873372111111111,0.36130443578947374,0.7985370625,mean_escape_sera_Delta
K,356,-0.39315789473684215,-0.6721052631578948,-0.4931578947368421,-0.44684210526315793,-4.260811256842104,1.6111617676800123,-1.5343534239130578,-1.7798737479807023,0.08877473684210528,0.05263157894736842,0.2188305263157895,0.10526315789473684,0.10526315789473684,0.10485868750000002,0.06828786666666667,0.11535081552631576,0.11535081552631576,No Escape
K,378,-0.3957894736842105,-0.8126315789473684,-0.8847368421052633,-0.6599999999999999,-6.033080416842106,1.6111617676800123,-1.5834384322357975,-2.15420113150628,0.260521052631579,0.10526315789473684,0.4828899999999999,0.10526315789473684,0.15789473684210525,0.2646719375,0.10697591111111111,0.14038575789473687,0.2646719375,No Escape
K,386,-0.09842105263157896,-0.3778947368421053,-1.0652631578947371,-0.37947368421052624,-8.22822135263158,1.6111617676800123,-1.7808529114192981,-3.083724626228978,0.4141168421052631,0.42105263157894735,0.13491052631578945,0.0,0.42105263157894735,0.210112625,0.11161782222222223,0.2532967639473685,0.2532967639473685,No Escape
K,417,-0.3910526315789473,0.026842105263157896,0.9936842105263156,-0.009473684210526329,-1.2196607075368422,1.6111617676800123,-1.243578580447514,-1.076777259477397,0.9978789473684212,1.0,0.8157157894736841,0.10526315789473684,1.0,0.62927425,0.10159618888888887,0.24733475,0.62927425,mean_escape_sera_Delta
K,424,-1.3094736842105263,-2.1294736842105264,-3.89,-2.5610526315789466,-7.560908251578947,1.6111617676800123,-1.4549842474601749,-2.2292470290405824,0.005402631578947368,0.0,0.005811052631578948,0.0,0.0,0.0184340625,0.004383355555555556,0.009755484210526315,0.0184340625,No Escape
K,444,-0.17052631578947364,-0.19473684210526315,0.9826315789473684,0.5857894736842105,-1.9252168393684208,1.6111617676800123,-1.0280362521429776,-0.9160110305400472,0.9770368421052632,1.0,0.9353631578947368,0.5789473684210527,1.0,0.28003606249999996,1.128362677777778,0.29718212815789474,1.128362677777778,mean_escape_sera_Beta
K,458,-0.05526315789473685,-0.3926315789473685,0.1794736842105263,0.013684210526315766,-3.2197988404105264,1.6111617676800123,-1.072598792131776,-1.0529936024884892,0.04940421052631578,0.0,0.027146421052631577,0.0,0.0,0.08686175,0.1541868777777778,0.10085929868421052,0.1541868777777778,No Escape
K,462,-0.1,-0.4931578947368422,-0.3052631578947368,-0.11578947368421053,-4.901603595473683,1.6111617676800123,-1.2256718332611696,-1.398775138204141,0.10832736842105264,0.0,0.4330526842105263,0.2631578947368421,0.2631578947368421,0.14986468749999998,0.09177814222222222,0.10985951286842108,0.14986468749999998,No Escape
K,528,-0.013157894736842105,-0.03157894736842106,,,-8.051536484210526,1.6111617676800123,-1.7572129453959315,-2.974615906049252,0.059555789473684215,0.0,0.008574000000000002,0.0,0.0,0.16786418750000004,0.16704454444444447,0.14285288915789465,0.16786418750000004,No Escape
K,529,-0.003157894736842105,0.0768421052631579,,,-2.8359898616210533,1.6111617676800123,-1.288601148463581,-1.2431310974365863,0.07221,0.0,0.06337210526315787,0.05263157894736842,0.05263157894736842,0.14310051250000003,0.09501341111111111,0.18181197947368416,0.18181197947368416,No Escape
L,335,-0.013157894736842105,-0.09315789473684212,,,-5.562740603157893,-0.31824097920648764,-1.4066817322161065,-2.0215289574326665,0.058604736842105265,0.0,0.5719458421052632,0.3684210526315789,0.3684210526315789,0.1189688125,0.1200398111111111,0.131105199,0.131105199,No Escape
L,368,-0.7289473684210527,-1.4931578947368422,-2.4773684210526317,-1.9084210526315788,-7.329975002105262,-0.31824097920648764,-1.6561484076250752,-2.8570351721756184,0.010982631578947369,0.0,0.02088894736842105,0.0,0.0,0.043559125000000004,0.045428300000000005,0.02135881921052632,0.045428300000000005,No Escape
L,387,-0.5031578947368421,-1.6489473684210525,-4.020526315789474,-3.0357894736842117,-8.515123886315786,-0.31824097920648764,-1.8588155069498071,-3.6401646251071833,0.0058031578947368425,0.0,0.011941052631578948,0.0,0.0,0.036532625000000006,0.0268006,0.012814915789473684,0.036532625000000006,No Escape
L,390,-0.09894736842105263,-0.4578947368421054,-0.7326315789473684,-0.048421052631578934,-7.834960302105262,-0.31824097920648764,-1.8210528843243996,-3.3620346769526326,0.07624105263157896,0.0,0.038329,0.0,0.0,0.1983039375,0.10574375555555555,0.16408933044736845,0.1983039375,No Escape
L,425,-3.2178947368421054,-2.3984210526315786,-3.6447368421052624,-2.3694736842105257,-8.348806597894736,-0.31824097920648764,-1.679195485521514,-3.151421894011765,0.007659999999999999,0.0,0.0054006842105263145,0.0,0.0,0.0163071875,0.014417344444444443,0.01535788421052631,0.0163071875,No Escape
L,441,-0.18526315789473685,-0.3963157894736842,0.02947368421052628,0.07631578947368421,-2.3772682575789474,-0.31824097920648764,-1.1693185492862117,-1.346684846078582,0.06759105263157894,0.05263157894736842,0.3228945263157894,0.15789473684210525,0.15789473684210525,0.09365319374999999,0.15497696666666666,0.05157922876315788,0.15497696666666666,No Escape
L,452,-0.07210526315789473,-0.06736842105263156,0.6873684210526315,0.6147368421052632,-2.8079638092631583,-0.31824097920648764,-1.2272923520728969,-1.449092069695664,0.7856173684210526,0.7894736842105263,0.6219873684210527,0.21052631578947367,0.7894736842105263,0.09929721250000002,1.2711346777777779,0.29068841842105253,1.2711346777777779,mean_escape_sera_Beta
L,455,-0.8926315789473683,0.2877777777777778,0.9873684210526316,-0.2121052631578948,-2.3824234849578945,-0.31824097920648764,-1.2001144230446608,-1.3803185163411178,0.6663178947368422,0.6842105263157895,0.8057947368421052,0.4736842105263158,0.7894736842105263,0.213932625,0.11213892222222224,0.33770004481578947,0.33770004481578947,No Escape
L,461,-2.125789473684211,-2.047368421052632,-3.1684210526315777,-2.2510526315789465,-6.286949715789473,-0.31824097920648764,-1.2080415336531165,-1.883379605008489,0.010162631578947371,0.0,0.011874736842105264,0.0,0.0,0.015121500000000003,0.014214533333333331,0.017386229210526315,0.017386229210526315,No Escape
L,492,-1.8673684210526316,-1.952105263157895,-3.06,-2.3026315789473686,-7.5367030126315795,-0.31824097920648764,-1.0769835997455244,-2.0171596268649683,0.08254157894736842,0.10526315789473684,0.035150526315789465,0.0,0.10526315789473684,0.23903531249999996,0.011448555555555556,0.02325304842105263,0.23903531249999996,No Escape
L,513,-2.6952631578947366,-2.7294736842105265,-3.2415789473684207,-2.3878947368421053,-8.354905657894738,-0.31824097920648764,-1.838052772485125,-3.5408369599966014,0.004909473684210526,0.0,0.012190526315789471,0.0,0.0,0.02413225,0.026993822222222224,0.009130527368421053,0.026993822222222224,No Escape
L,517,-0.0236842105263158,-0.2657894736842105,0.9726315789473688,1.003157894736842,-8.05197848210526,-0.31824097920648764,-1.792980030223599,-3.344558367840206,0.04706473684210526,0.0,0.10450584210526316,0.05263157894736842,0.05263157894736842,0.1369429375,0.10150852222222223,0.0877125842105263,0.1369429375,No Escape
L,518,-0.008421052631578947,0.06842105263157892,,,-7.989614408421053,-0.31824097920648764,-1.6873959825064626,-3.074104347166996,0.23428210526315785,0.15789473684210525,0.09194033684210527,0.0,0.15789473684210525,0.14186962499999997,0.10546211111111109,0.13078918521052627,0.14186962499999997,No Escape
N,331,-0.03526315789473685,-0.5700000000000001,,,-7.974551235789473,-0.3977524879425996,-1.3668437192035499,-2.4483696710787037,0.041458947368421054,0.0,0.0187638947368421,0.0,0.0,0.07351181874999999,0.07167775555555556,0.04809134815789474,0.07351181874999999,No Escape
N,334,-0.07789473684210528,-0.3652631578947369,,,-6.400005770526318,-0.3977524879425996,-1.3606072184877327,-2.0832490195272366,0.051207894736842105,0.0,0.5569105263157895,0.0,0.0,0.12389051250000002,0.07923568888888889,0.11024644650000001,0.12389051250000002,No Escape
N,343,-0.5100000000000001,-2.2968421052631576,-2.8194736842105264,-2.013684210526316,-7.786514461052632,-0.3977524879425996,-1.2202104030147776,-2.2060121824378216,0.0,0.0,0.0,0.0,0.0,0.045303275000000004,,,0.045303275000000004,No Escape
N,354,-0.2421052631578948,-0.6136842105263159,-0.6326315789473684,-0.7678947368421052,-2.120824552168421,-0.3977524879425996,-1.4466051992800253,-1.6916646456621651,0.02839578947368421,0.0,0.21822894736842105,0.0,0.0,0.1197538125,0.07275015555555557,0.0683860244736842,0.1197538125,No Escape
N,360,-0.2652631578947369,-0.7794736842105262,-2.3073684210526317,-1.7873684210526315,-6.17052836368421,-0.3977524879425996,-1.6453036695944017,-2.579644409349912,0.02249315789473684,0.0,0.07292857894736843,0.0,0.0,0.12471956250000002,0.1573915888888889,0.04734408842105262,0.1573915888888889,No Escape
N,370,-0.15157894736842106,-0.5936842105263157,-0.25789473684210523,-0.3931578947368421,-8.039107775789475,-0.3977524879425996,-1.3248395432007538,-2.4060676180487466,0.06972999999999999,0.0,0.08775368421052633,0.0,0.0,0.14251350000000002,0.10043783333333332,0.10319486710526314,0.14251350000000002,No Escape
N,388,-0.15578947368421053,-0.6210526315789473,-0.9878947368421052,-0.5973684210526314,-5.823824924526316,-0.3977524879425996,-1.7597499936027932,-2.7780207549560068,0.04121368421052631,0.0,0.015524631578947368,0.0,0.0,0.11834668750000002,0.10281675555555554,0.080024845,0.11834668750000002,No Escape
N,394,-0.060526315789473685,-0.2594736842105264,1.2205263157894737,0.741578947368421,-5.4345889279473685,-0.3977524879425996,-1.7028264266201567,-2.5792744479771854,0.07913105263157892,0.0,0.02578036842105263,0.0,0.0,0.162771875,0.10652237777777779,0.1443316897368421,0.162771875,No Escape
N,422,-3.9331578947368415,-2.477368421052632,-4.399473684210526,-3.473157894736842,-9.561808715789473,-0.3977524879425996,-1.5181705403775672,-3.1448688827199502,0.0,0.0,0.0,0.0,0.0,,,,,
N,437,-1.5000000000000004,-1.7568421052631584,-3.901052631578948,-2.906315789473685,-7.56633336736842,-0.3977524879425996,-1.3420566282308577,-2.307909190771753,0.005426315789473685,0.0,0.02017368421052632,0.0,0.0,0.05404068749999999,,0.025902876315789476,0.05404068749999999,No Escape
N,439,-0.7368421052631577,-0.7400000000000001,-0.6273684210526318,-0.4626315789473684,-4.220376441368422,-0.3977524879425996,-1.2137836632096262,-1.5645964917554822,0.14734105263157896,0.15789473684210525,0.18948263157894735,0.05263157894736842,0.15789473684210525,0.1356173125,0.16149092222222225,0.11331977710526314,0.16149092222222225,No Escape
N,440,-0.03421052631578948,-0.25894736842105265,0.5810526315789474,0.5215789473684209,-4.839744800526316,-0.3977524879425996,-0.9769245317209264,-1.4429804880098782,0.4019226315789473,0.3157894736842105,0.4123984210526315,0.0,0.3157894736842105,0.1416714375,0.1274927777777778,0.11720902184210528,0.1416714375,No Escape
N,448,-0.9352631578947368,-0.7142105263157896,-0.9852631578947368,-0.8294736842105263,-7.6394746115789465,-0.3977524879425996,-1.2340798297449345,-2.181283579636057,0.5604105263157894,0.5263157894736842,0.5304157894736843,0.05263157894736842,0.5263157894736842,0.23216775,0.9432970555555554,0.33703056373684215,0.9432970555555554,mean_escape_sera_Beta
N,450,-0.23157894736842105,-0.2173684210526316,0.5621052631578948,0.3105263157894737,-4.409603074736842,-0.3977524879425996,-1.0580943737566617,-1.4322457140663711,0.7903105263157895,0.7894736842105263,0.6448315789473685,0.21052631578947367,0.8947368421052632,0.2400015,0.5152347777777778,0.31526969263157895,0.5152347777777778,No Escape
N,460,-0.037894736842105266,-0.2205263157894737,1.1673684210526314,0.9357894736842106,-1.6451615237894737,-0.3977524879425996,-1.2080415336531165,-1.3253235842634563,0.8481468421052631,0.8421052631578947,0.6814157894736842,0.0,0.8421052631578947,0.16887622500000005,0.08021694444444444,0.15164637312894733,0.16887622500000005,No Escape
N,481,-0.08210526315789475,-0.3294736842105263,0.1568421052631578,-0.02052631578947368,-4.242000214368422,-0.3977524879425996,-0.7407301102621735,-1.2506332598468923,0.27717052631578953,0.21052631578947367,0.32489789473684205,0.0,0.21052631578947367,0.19788375,0.09260465555555557,0.11991001157894733,0.19788375,No Escape
N,487,-2.108421052631579,-0.4642105263157895,-0.4121052631578948,-0.983157894736842,-6.599363309473683,-0.3977524879425996,-1.0298110149116426,-1.7601189770351724,0.7335947368421053,0.7368421052631579,0.646578947368421,0.15789473684210525,0.7368421052631579,0.1770250625,0.029558133333333333,0.16113526026315791,0.1770250625,No Escape
N,501,-0.6389473684210527,-0.1563157894736842,0.9952631578947366,0.7000000000000001,-3.1203516932210533,-0.3977524879425996,-1.10765405580138,-1.3404439133807358,0.7716947368421052,0.8421052631578947,0.16397052631578948,0.0,0.8421052631578947,0.21726362500000002,0.9604637777777777,0.19567213736842104,0.9604637777777777,mean_escape_sera_Beta
P,337,-0.19105263157894736,-0.5621052631578948,-0.7194736842105263,-0.6105263157894737,-7.692396302105263,-0.7216164381604218,-1.4730817478255205,-2.612131042729722,0.7160894736842106,0.7368421052631579,0.5647,0.3157894736842105,0.7368421052631579,0.13192581249999996,0.10296087777777778,0.1060778128947368,0.13192581249999996,No Escape
P,384,-0.036842105263157884,-0.3268421052631579,0.9784210526315791,0.7673684210526316,-5.767120031789474,-0.7216164381604218,-1.7023671698845566,-2.6994130188505565,0.29223157894736845,0.21052631578947367,0.3734078947368421,0.15789473684210525,0.2631578947368421,0.32035237499999997,0.11214004444444445,0.3034491657894737,0.32035237499999997,No Escape
P,412,-2.0689473684210524,-2.6542105263157896,-3.797368421052631,-2.9736842105263164,-7.771284267368423,-0.7216164381604218,-1.6867494719654028,-3.067595691843765,0.0,0.0,0.0,0.0,0.0,,,,,
P,426,-0.8621052631578947,-2.2810526315789468,-3.547894736842105,-2.4626315789473683,-8.591761874736841,-0.7216164381604218,-1.6155095480371953,-3.1272831699508887,0.0,0.0,0.00536021052631579,0.0,0.0,0.013025624999999999,0.004830388888888889,,0.013025624999999999,No Escape
P,463,-0.518421052631579,-1.5694736842105257,-3.3989473684210534,-2.4315789473684206,-7.930439185263157,-0.7216164381604218,-1.4201570813121362,-2.576309856429434,0.0026473684210526318,0.0,0.05420842105263158,0.05263157894736842,0.05263157894736842,0.018516499999999995,0.006805111111111112,0.00562018947368421,0.018516499999999995,No Escape
P,479,-0.07368421052631581,-0.3621052631578948,-0.16736842105263167,-0.20894736842105266,-4.077347601052631,-0.7216164381604218,-0.8008046273922349,-1.306117807192526,0.04837,0.0,0.2885708947368421,0.0,0.0,0.124256375,0.0818410888888889,0.10065980878947368,0.124256375,No Escape
P,491,-2.6757894736842105,-2.12578947368421,-4.2426315789473685,-3.2289473684210517,-6.0641845715789495,-0.7216164381604218,-0.806287881844073,-1.6112422396831168,0.0,0.0,0.005061578947368421,0.0,0.0,0.009137062500000001,0.007182,,0.009137062500000001,No Escape
P,499,-0.5294736842105262,-0.5142105263157896,-0.4094736842105264,-0.3331578947368422,-3.888832160252632,-0.7216164381604218,-1.0149483438044942,-1.4092301705825243,0.5136631578947368,0.5789473684210527,0.4928552631578946,0.10526315789473684,0.6842105263157895,0.1436220625,1.1913868355555555,0.25561458223684214,1.1913868355555555,mean_escape_sera_Beta
P,507,-4.034210526315789,-2.251578947368421,-3.3510526315789475,-2.440526315789473,-5.916843463157897,-0.7216164381604218,-1.4844136218799404,-2.264508307936312,0.018163157894736843,0.0,0.02417368421052632,0.0,0.0,0.010498999999999998,0.006081777777777778,0.0067882,0.010498999999999998,No Escape
P,521,-0.08684210526315789,-0.8494736842105264,,,-8.008067891578948,-0.7216164381604218,-1.8248802425571893,-3.4645141355064863,0.02717421052631579,0.0,0.08612931578947369,0.05263157894736842,0.05263157894736842,0.10173000000000001,0.09015022222222221,0.05466618210526316,0.10173000000000001,No Escape
P,527,0.016842105263157898,0.15789473684210525,,,-7.838781141052633,-0.7216164381604218,-1.7900943291519689,-3.330221510610013,0.057312105263157914,0.0,0.006284052631578946,0.0,0.0,0.14372201250000002,0.11626052222222223,0.12302268071052626,0.14372201250000002,No Escape
Q,409,-0.9331578947368421,-1.833684210526316,-3.0494736842105263,-2.1126315789473686,-7.772786356842108,-0.3395733352088593,-1.5119435345990555,-2.631295621481488,0.011605263157894737,0.0,0.050188421052631584,0.0,0.0,0.10509525000000002,0.023782444444444446,0.014797252631578951,0.10509525000000002,No Escape
Q,414,-0.2431578947368421,-0.8652631578947372,-1.2147368421052631,-0.7747368421052628,-6.002986544210527,-0.3395733352088593,-1.4266531220744207,-2.108948118890848,0.0351878947368421,0.0,0.07543947368421051,0.05263157894736842,0.05263157894736842,0.080799625,0.05573372222222222,0.06352122710526316,0.080799625,No Escape
Q,474,-0.3331578947368421,-0.8152631578947368,-1.8810526315789475,-1.236315789473684,-1.080646393578947,-0.3395733352088593,-1.0298110149116426,-1.1255770647448768,0.03999052631578947,0.0,0.008830947368421053,0.0,0.0,0.25439893750000003,0.11278901111111111,0.06848130342105262,0.25439893750000003,No Escape
Q,493,-0.15894736842105264,-0.3547368421052631,0.2273684210526315,0.2126315789473684,-0.8842590290621051,-0.3395733352088593,-0.9781925435948404,-1.0806915843528562,0.7598105263157896,0.8421052631578947,0.6281357894736842,0.10526315789473684,0.8421052631578947,0.155936875,0.24680877777777777,0.18656489026315784,0.24680877777777777,No Escape
Q,498,-0.8026315789473685,-0.1473684210526316,0.15473684210526314,-0.04368421052631582,-0.901672684736842,-0.3395733352088593,-1.0595914160700892,-1.1417318919328021,0.6272489473684211,0.5789473684210527,0.4108852631578948,0.05263157894736842,0.5789473684210527,0.21847887499999996,0.8471792333333332,0.17197015218421055,0.8471792333333332,mean_escape_sera_Beta
Q,506,-2.0210526315789474,-1.5426315789473686,-3.4642105263157887,-2.3863157894736844,-7.717595458947369,-0.3395733352088593,-1.3010782879344829,-2.276178101758312,0.05494736842105264,0.05263157894736842,0.06346842105263159,0.0,0.05263157894736842,0.04439193749999999,,0.04501388789473685,0.04501388789473685,No Escape
R,346,-0.02368421052631579,-0.20157894736842108,0.5847368421052631,0.6452631578947369,-3.738159501189474,2.832923975088563,-1.1054400575980556,-1.0154876776040542,0.7944315789473685,0.9473684210526316,0.8028000000000002,0.42105263157894735,0.9473684210526316,0.2604526875,0.19934124444444445,0.15164920263157894,0.2604526875,No Escape
R,355,-2.067894736842105,-2.1900000000000004,-3.5410526315789483,-2.7436842105263155,-9.652748212631579,2.832923975088563,-1.4648448800975735,-2.6922555002562807,0.0,0.0,0.0,0.0,0.0,0.008955437500000002,,,0.008955437500000002,No Escape
R,357,-0.0768421052631579,-0.3178947368421053,-0.06789473684210526,-0.013684210526315759,-5.389162086761052,2.832923975088563,-1.5529115351931149,-1.8616150175373412,0.06969421052631578,0.0,0.2372505263157895,0.10526315789473684,0.10526315789473684,0.26056987499999995,0.12711906666666667,0.20381705078947368,0.26056987499999995,No Escape
R,403,-1.5878947368421052,-1.2673684210526317,-2.8847368421052635,-2.4189473684210525,-4.498822979473684,2.832923975088563,-1.394068432244406,-1.452707871665296,0.11225736842105262,0.10526315789473684,0.19543157894736846,0.05263157894736842,0.15789473684210525,0.18281524999999998,0.02871222222222222,0.03164901552631579,0.18281524999999998,No Escape
R,408,-0.09473684210526316,-0.0636842105263158,1.627894736842105,0.8826315789473684,-7.60611254,2.832923975088563,-1.3291925930073891,-1.9136220234838224,0.30326000000000003,0.2631578947368421,0.5097842105263158,0.10526315789473684,0.3157894736842105,0.3456565,0.1304088888888889,0.12959628894736838,0.3456565,No Escape
R,454,-4.262631578947368,-2.3757894736842107,-3.6515789473684217,-2.8599999999999994,-7.719572651578948,2.832923975088563,-1.1904112340450643,-1.773268711016634,0.0,0.0,0.0,0.0,0.0,,,,,
R,457,-1.9626315789473683,-2.234736842105263,-3.514210526315789,-2.7994736842105263,-7.637206732631578,2.832923975088563,-1.2080415336531165,-1.7689110584983692,0.0,0.0,0.0,0.0,0.0,0.005562812500000002,,,0.005562812500000002,No Escape
R,466,-0.5447368421052632,-1.638421052631579,-2.1847368421052638,-1.5568421052631578,-7.72941218736842,2.832923975088563,-1.2533341479792124,-1.8441854014313928,0.01048842105263158,0.0,0.11172631578947367,0.05263157894736842,0.05263157894736842,0.0687844375,0.010661444444444444,0.031224006578947375,0.0687844375,No Escape
R,509,-3.817368421052632,-2.5073684210526315,-3.443684210526316,-2.634210526315789,-8.133881915789473,2.832923975088563,-1.5194981472523428,-2.363193702494224,0.0,0.0,0.0,0.0,0.0,,,,,
S,349,-1.1521052631578943,-1.8752631578947363,-2.648421052631579,-1.874210526315789,-6.703310350526317,-0.6692552007000552,-1.4171396706900128,-2.2849224389868312,0.07120526315789473,0.05263157894736842,0.08058421052631579,0.0,0.05263157894736842,0.0562125625,0.01973968888888889,0.01984181842105263,0.0562125625,No Escape
S,359,-0.07263157894736842,-0.2,0.04263157894736843,-0.08473684210526315,-7.042410451578947,-0.6692552007000552,-1.7337732337652343,-3.0026487626946263,0.06079210526315791,0.0,0.06255636842105264,0.0,0.0,0.1289991875,0.08300621111111112,0.11594653894736844,0.1289991875,No Escape
S,366,-0.07842105263157896,-0.2889473684210527,-0.1789473684210526,-0.3047368421052632,-5.761930444842106,-0.6692552007000552,-1.5280320509801335,-2.314969201031781,0.07307000000000001,0.0,0.09020368421052632,0.0,0.0,0.18215245624999998,0.10561016666666667,0.179074915,0.18215245624999998,No Escape
S,371,-0.1178947368421053,-0.4815789473684212,1.1142105263157895,0.054210526315789466,-7.623982008421053,-0.6692552007000552,-1.274925437628865,-2.2807455595760158,0.08559631578947369,0.0,0.5773015263157896,0.10526315789473684,0.10526315789473684,0.08275131250000001,0.1059659222222222,0.10063093240526318,0.1059659222222222,No Escape
S,373,-0.07789473684210528,-0.020526315789473684,1.261578947368421,0.8505263157894735,-6.318400810526318,-0.6692552007000552,-1.2399054438604646,-1.9583119567821268,0.05850736842105263,0.0,0.04192273684210526,0.0,0.0,0.11757637499999998,0.10526471111111112,0.12482774786842107,0.12482774786842107,No Escape
S,375,-0.3147368421052632,-0.9547368421052632,-1.2326315789473683,-0.6357894736842106,-7.750526846315787,-0.6692552007000552,-1.3488459479319128,-2.415395584533562,0.025620000000000004,0.0,0.19305473684210525,0.05263157894736842,0.05263157894736842,0.08072356249999998,0.04537494444444444,0.054759044210526304,0.08072356249999998,No Escape
S,383,-0.04473684210526317,-0.308421052631579,-0.5173684210526318,-0.09894736842105256,-8.404417363157894,-0.6692552007000552,-1.7489909753397224,-3.365857636060667,0.4136005263157895,0.3684210526315789,0.22538194736842104,0.0,0.3684210526315789,0.255986625,0.11642853333333335,0.30319352089473683,0.30319352089473683,No Escape
S,399,-0.9836842105263158,-2.0589473684210526,-3.523157894736842,-2.7794736842105263,-5.1238075496842095,-0.6692552007000552,-1.6478159174060245,-2.4580296072333607,0.0035668421052631586,0.0,0.012436842105263158,0.0,0.0,0.02478525,0.008963433333333333,0.00682861,0.02478525,No Escape
S,438,-1.866315789473684,-1.8694736842105264,-3.9189473684210534,-2.5947368421052635,-1.5130570331263156,-0.6692552007000552,-1.438737926117785,-1.689126387718607,0.005506315789473685,0.0,0.01727578947368421,0.0,0.0,0.010384500000000001,0.008182555555555557,0.009491014210526316,0.010384500000000001,No Escape
S,443,-1.931052631578948,-0.9978947368421052,-2.889473684210527,-2.127894736842105,-3.2271564604210528,-0.6692552007000552,-1.2580583975057356,-1.5561414919536931,0.21061105263157895,0.21052631578947367,0.19055947368421053,0.0,0.21052631578947367,0.03574193750000001,0.2788359777777778,0.16276067868421054,0.2788359777777778,No Escape
S,459,-0.06105263157894737,-0.28631578947368425,0.8210526315789476,0.665263157894737,-4.010554593894737,-0.6692552007000552,-1.1816841452003648,-1.5536100885260526,0.07919894736842105,0.05263157894736842,0.04114542105263158,0.0,0.05263157894736842,0.1107829375,0.04834127777777778,0.11984473342105263,0.11984473342105263,No Escape
S,469,-0.4089473684210526,-1.1889473684210523,-1.8678947368421053,-1.3184210526315792,-6.764014952631579,-0.6692552007000552,-1.0298110149116426,-1.8503680019714612,0.027277368421052637,0.0,0.016975210526315794,0.0,0.0,0.067276,0.050908822222222226,0.05557679394736841,0.067276,No Escape
S,477,-0.03631578947368422,-0.14684210526315788,1.3684210526315788,0.9131578947368422,-2.552018024894737,-0.6692552007000552,-0.7773703573937439,-1.1414446710393162,0.09290631578947367,0.05263157894736842,0.4848016315789474,0.10526315789473684,0.15789473684210525,0.114085,0.09723762222222224,0.09554102000000002,0.114085,No Escape
S,494,-0.1705263157894737,-0.4178947368421052,-0.07263157894736849,-0.03842105263157896,-2.99587048168421,-0.6692552007000552,-1.0984172237103162,-1.3682580188693123,0.6674263157894738,0.6842105263157895,0.6031210526315789,0.10526315789473684,0.6842105263157895,0.3035356625000001,0.6523572,0.21080131007894737,0.6523572,mean_escape_sera_Beta
S,514,-0.26,-0.6947368421052631,-1.6373684210526311,-1.1968421052631577,-8.460057962105264,-0.6692552007000552,-1.744217117798282,-3.371316336293917,0.14539947368421052,0.0,0.024345,0.0,0.0,0.1317934125,0.0896938,0.12019620789473685,0.1317934125,No Escape
S,530,0.005263157894736843,-0.024210526315789474,,,-8.271770904210527,-0.6692552007000552,-1.543109707497162,-2.8769991683155385,0.06233421052631578,0.0,0.008209631578947371,0.0,0.0,0.089570675,0.17174349222222224,0.12430090343421055,0.17174349222222224,No Escape
T,333,-0.05894736842105265,-0.4784210526315789,,,,-0.70028408215805,-1.2477205408480974,-1.954484837895295,0.04326105263157895,0.0,0.009377947368421052,0.0,0.0,0.06950562499999999,0.0901857511111111,0.05436456202631581,0.0901857511111111,No Escape
T,345,-0.2747368421052632,-1.4884210526315789,-1.0105263157894735,-0.7231578947368421,-6.074941226315789,-0.70028408215805,-1.0089939515255897,-1.712282021290136,0.10178315789473684,0.05263157894736842,0.3171894736842105,0.21052631578947367,0.21052631578947367,0.04733350625000001,0.07297083333333333,0.02875813631578947,0.07297083333333333,No Escape
T,376,-0.22421052631578947,-0.6347368421052629,0.10894736842105264,0.18263157894736845,-7.732616194736845,-0.70028408215805,-1.4644148233021823,-2.602437614403233,0.28344315789473684,0.2631578947368421,0.3931042105263158,0.15789473684210525,0.3157894736842105,0.10996600000000001,0.09202224444444446,0.07986383802631579,0.10996600000000001,No Escape
T,385,-0.01052631578947368,-0.09210526315789473,1.1426315789473684,0.8531578947368421,-5.388095588281053,-0.70028408215805,-1.5923035457783288,-2.3845766848331738,0.8676242105263159,0.8947368421052632,0.3761278947368421,0.10526315789473684,0.8947368421052632,0.17248743750000003,0.10707101111111111,0.25742052263157894,0.25742052263157894,No Escape
T,393,-0.09473684210526316,-0.4752631578947368,-1.161578947368421,-1.1542105263157894,-4.521519062105263,-0.70028408215805,-1.7123584539577832,-2.526412506971855,0.05292263157894737,0.0,0.012436,0.0,0.0,0.131384875,0.10092121111111113,0.1185220455263158,0.131384875,No Escape
T,415,-0.1036842105263158,-0.5647368421052632,0.5589473684210526,0.2126315789473684,-7.83693779157895,-0.70028408215805,-1.2267362778235882,-2.2862928430555445,0.08166999999999999,0.05263157894736842,0.05560842105263159,0.0,0.05263157894736842,0.10431593749999998,0.08746663333333332,0.07603024078947365,0.10431593749999998,No Escape
T,430,-0.23210526315789476,-0.6752631578947369,-0.200526315789474,0.2368421052631579,-4.860193516210527,-0.70028408215805,-1.739749820509176,-2.6364301683310365,0.05159947368421053,0.0,0.008263736842105263,0.0,0.0,0.10002068749999998,0.0953703,0.09251134973684211,0.10002068749999998,No Escape
T,470,-0.07315789473684213,-0.3921052631578948,0.4842105263157896,0.3068421052631579,-1.9953594021052632,-0.70028408215805,-1.0298110149116426,-1.2442468196999923,0.29942736842105266,0.3157894736842105,0.35983052631578943,0.10526315789473684,0.3157894736842105,0.18024512499999995,0.2151307,0.11106503578947372,0.2151307,No Escape
T,478,-0.07210526315789476,-0.22210526315789472,1.0478947368421052,0.7710526315789473,-1.86871884,-0.70028408215805,-0.8069079973434651,-1.1136724870804342,0.0944457894736842,0.05263157894736842,0.20879542105263166,0.10526315789473684,0.15789473684210525,0.32509506250000003,0.10345492222222223,0.10934898523684208,0.32509506250000003,No Escape
T,500,-1.1021052631578947,-0.2331578947368421,0.4863157894736843,-0.40315789473684205,-5.1287588168421046,-0.70028408215805,-0.8384402836200541,-1.4651535553486228,0.8581247368421053,0.8947368421052632,0.15948047368421053,0.0,0.8947368421052632,0.10902575,0.2517097666666666,0.12817058023684216,0.2517097666666666,No Escape
T,523,-0.035333333333333335,-1.5006666666666666,,,-8.400138813684213,-0.70028408215805,-1.811630006054876,-3.526667817741103,0.008035263157894736,0.0,0.01247142105263158,0.0,0.0,0.115475875,0.062085133333333334,0.007090057894736842,0.115475875,No Escape
T,531,-0.005789473684210526,-0.01,,,-9.04225590631579,-0.70028408215805,-1.5734251553776064,-3.1558371105237666,0.05411894736842105,0.0,0.008800684210526316,0.0,0.0,0.103601875,0.09877484333333332,0.11572057613157893,0.11572057613157893,No Escape
V,341,-0.8105263157894737,-1.6726315789473685,-3.2810526315789468,-2.3073684210526317,-7.044053884210527,-0.3046658435686149,-1.6474139201673583,-2.7636704948126156,0.005782631578947368,0.0,0.01794315789473684,0.0,0.0,0.16018575000000002,0.019922344444444445,0.016959254736842108,0.16018575000000002,No Escape
V,350,-2.906315789473684,-2.2389473684210532,-3.4073684210526323,-2.4878947368421054,-8.275279503157895,-0.3046658435686149,-1.6232223214493118,-3.0095564442668348,0.0,0.0,0.0,0.0,0.0,0.0145855,0.008093099999999999,,0.0145855,No Escape
V,362,-0.06947368421052631,-0.1405263157894737,-4.099473684210526,-2.477368421052632,-7.0486691063157885,-0.3046658435686149,-1.7149670188453028,-2.919215044438237,0.07851105263157898,0.0,0.10772105263157894,0.0,0.0,0.3362565,0.13158155555555556,0.19391422513157894,0.3362565,No Escape
V,367,0.012105263157894735,0.18052631578947367,1.4173684210526318,0.9110526315789472,-7.0470330347368435,-0.3046658435686149,-1.4429157399330803,-2.362916739238913,0.07622526315789475,0.0,0.009199947368421052,0.0,0.0,0.16884468749999998,0.12789385555555555,0.18267897078947373,0.18267897078947373,No Escape
V,382,-0.3542105263157895,-1.3678947368421053,-3.0815789473684214,-2.035263157894737,-8.467311155789472,-0.3046658435686149,-1.8226414711116845,-3.533552389326676,0.051693684210526315,0.0,0.05958210526315789,0.0,0.0,0.0720385,0.04893765555555555,0.056976669473684204,0.0720385,No Escape
V,395,-0.6663157894736842,-1.5521052631578949,-3.5794736842105266,-2.9052631578947365,-8.221614503157896,-0.3046658435686149,-1.88576039685524,-3.630078713853391,0.02062736842105263,0.0,0.01962063157894737,0.0,0.0,0.061528375,0.05329544444444444,0.0380785810263158,0.061528375,No Escape
V,401,-2.9915789473684207,-2.3468421052631583,-4.0757894736842095,-3.0573684210526317,-5.454329952210527,-0.3046658435686149,-1.538184946310143,-2.2396269114615732,0.005020526315789474,0.0,0.008273684210526317,0.0,0.0,0.015463000000000001,,0.006736012894736842,0.015463000000000001,No Escape
V,407,-1.6810526315789476,-2.1610526315789467,-3.8352631578947367,-2.9489473684210528,-7.58491981263158,-0.3046658435686149,-1.5402837650360015,-2.6578544369213857,0.0054368421052631575,0.0,0.0008476842105263159,0.0,0.0,0.014224437500000001,0.016425577777777776,0.013934086842105264,0.016425577777777776,No Escape
V,433,-3.5552631578947365,-2.8568421052631567,-3.1347368421052635,-2.337894736842105,-8.00958090631579,-0.3046658435686149,-1.73608508396394,-3.1929144166770738,0.0022389473684210526,0.0,0.003267894736842105,0.0,0.0,0.004237125,0.0026114333333333334,0.004587725789473684,0.004587725789473684,No Escape
V,445,-0.11157894736842107,-0.10894736842105264,1.2747368421052634,0.8210526315789473,-1.6458075281578946,-0.3046658435686149,-0.8212232499095045,-1.0573391721372716,0.8776894736842105,0.8947368421052632,0.7739921052631579,0.3157894736842105,0.8947368421052632,0.13810993750000003,0.8611677666666666,0.25099162205263154,0.8611677666666666,mean_escape_sera_Beta
V,483,-0.06052631578947368,-0.10684210526315786,1.0189473684210526,0.7710526315789474,-5.499301613684209,-0.3046658435686149,-0.8096538382458666,-1.4534387916673006,0.8373557894736843,0.8947368421052632,0.6032831578947371,0.10526315789473684,0.8947368421052632,0.27315893750000003,0.02485563333333333,0.17882778894736848,0.27315893750000003,No Escape
V,503,-0.16473684210526315,-0.2842105263157895,0.43105263157894735,-0.044210526315789464,-4.3994905063894745,-0.3046658435686149,-1.0856136483042411,-1.4717400858091971,0.11715631578947368,0.05263157894736842,0.4783031578947368,0.10526315789473684,0.15789473684210525,0.36650487500000006,0.1105170222222222,0.21457224631578947,0.36650487500000006,No Escape
V,510,-3.02842105263158,-2.702631578947368,-3.4352631578947364,-2.4778947368421047,-8.269031092631579,-0.3046658435686149,-1.7047284017044864,-3.1840908032179143,0.002973157894736842,0.0,0.006421052631578947,0.0,0.0,0.00877125,0.01177051111111111,0.004293526315789473,0.01177051111111111,No Escape
V,511,-2.7526315789473688,-2.6973684210526314,-3.322631578947368,-2.47,-8.122594903157896,-0.3046658435686149,-1.7484447297432235,-3.2489026228999736,0.0,0.0,0.0,0.0,0.0,0.0060983125,,,0.0060983125,No Escape
V,512,-3.210526315789473,-2.8089473684210526,-3.6294736842105273,-2.5289473684210524,-8.646163146315791,-0.3046658435686149,-1.7781527195956992,-3.4628959254899585,0.0025521052631578946,0.0,0.003904210526315789,0.0,0.0,0.0035796875,0.004204144444444445,0.005246134473684209,0.005246134473684209,No Escape
V,524,-0.39909090909090905,-0.5711111111111111,,,-9.420508184210528,-0.3046658435686149,-1.8840202408597144,-3.958099414775997,0.008646315789473683,0.0,0.02539578947368421,0.0,0.0,0.12962279375,0.1048258111111111,0.021109677315789468,0.12962279375,No Escape
W,353,-1.6036842105263158,-2.21421052631579,-3.5163157894736843,-2.7436842105263164,-9.000593959999998,-0.5044142679544571,-1.6003755826050827,-3.1831416933399863,0.002840526315789473,0.0,0.006615789473684211,0.0,0.0,0.0034033750000000006,,0.007042378947368422,0.007042378947368422,No Escape
W,436,-1.1263157894736842,-2.4236842105263148,-4.130526315789473,-2.862105263157895,-7.763716230526316,-0.5044142679544571,-1.4588572609220585,-2.58066865089759,0.0,0.0,0.0,0.0,0.0,0.0053085625,,,0.0053085625,No Escape
Y,351,-1.0552631578947371,-1.8426315789473688,-2.661052631578948,-2.132631578947368,-7.968821285263157,-0.7216164381604218,-1.3560385741224117,-2.495262881461697,0.058620000000000005,0.05263157894736842,0.059395789473684214,0.0,0.05263157894736842,0.0249975625,0.014641277777777779,0.026797561315789475,0.026797561315789475,No Escape
Y,365,-0.3463157894736842,-0.7357894736842104,-2.6226315789473684,-2.3068421052631582,-7.919821323157895,-0.7216164381604218,-1.7648304906169765,-3.2973155860730237,0.08000210526315789,0.0,0.10677105263157896,0.0,0.0,0.306085625,0.11946414444444445,0.1817358407894737,0.306085625,No Escape
Y,369,-0.04526315789473685,0.02789473684210526,1.2389473684210528,0.8352631578947368,-7.8487690105263175,-0.7216164381604218,-1.5953764302692592,-2.8923840726626247,0.13960947368421053,0.0,0.4996847368421054,0.0,0.0,0.2873720625,0.14222661111111112,0.3149531034210527,0.3149531034210527,No Escape
Y,380,-1.5626315789473684,-2.406842105263158,-2.506842105263158,-1.6931578947368418,-8.135243622105264,-0.7216164381604218,-1.7250283452136006,-3.2537673902853244,0.013648947368421052,0.0,0.0056284210526315786,0.0,0.0,0.009493125000000002,0.008318655555555558,0.010217122894736844,0.010217122894736844,No Escape
Y,396,-0.5152631578947368,-0.9994736842105264,-2.0194736842105265,-1.7121052631578948,-7.942402742105262,-0.7216164381604218,-1.6908228334269846,-3.125767316471641,0.08597263157894736,0.0,0.14933305263157895,0.0,0.0,0.2097745,0.057578511111111105,0.1503267662105263,0.2097745,No Escape
Y,421,-0.9094736842105262,-1.5689473684210526,-2.977368421052632,-2.2357894736842105,-8.387495517894736,-0.7216164381604218,-1.2342648458764214,-2.448607248184601,0.10635263157894737,0.10526315789473684,0.14349684210526314,0.0,0.10526315789473684,0.07484203125,0.03648542222222222,0.023191502894736843,0.07484203125,No Escape
Y,423,-4.11421052631579,-2.667894736842105,-4.2426315789473685,-3.397894736842105,-9.5680494,-0.7216164381604218,-1.6036048764681532,-3.3834724702480834,0.0,0.0,0.0,0.0,0.0,,,,,
Y,449,-1.3036842105263158,0.002105263157894737,1.4226315789473682,0.22368421052631585,-4.761924675052632,-0.7216164381604218,-1.0274356434826468,-1.5187836799566867,0.9383,1.0,0.6700578947368421,0.10526315789473684,1.0,0.044797312500000006,1.5966496000000001,0.4758886589473684,1.5966496000000001,mean_escape_sera_Beta
Y,451,-0.8799999999999999,-1.2947368421052634,-2.6452631578947368,-2.103684210526316,-6.330143971578948,-0.7216164381604218,-1.3961927768425886,-2.1933460063857413,0.019286842105263158,0.0,0.052917894736842115,0.0,0.0,0.0448753125,0.038317133333333336,0.03981881368421052,0.0448753125,No Escape
Y,453,-0.7331578947368422,-1.2010526315789474,-1.9457894736842098,-1.4847368421052634,-7.8648476168421055,-0.7216164381604218,-1.3351143680480506,-2.438710792518104,0.2609421052631579,0.2631578947368421,0.24337894736842103,0.0,0.2631578947368421,0.0818199375,0.04670746666666666,0.10266840736842105,0.10266840736842105,No Escape
Y,473,-1.8215789473684212,-0.7405263157894738,-1.5742105263157888,-1.1836842105263157,-3.4531153658947367,-0.7216164381604218,-1.0298110149116426,-1.3728234485858253,0.5761368421052631,0.5789473684210527,0.5957726315789472,0.05263157894736842,0.5789473684210527,0.13234298125,0.036477322222222226,0.293459757631579,0.293459757631579,No Escape
Y,489,-2.7773684210526315,-0.17368421052631586,0.04105263157894733,-0.5863157894736842,-6.293818417894737,-0.7216164381604218,-1.023848402972767,-1.7587737359077784,0.4174631578947368,0.42105263157894735,0.5633310526315788,0.10526315789473684,0.4736842105263158,0.22436399999999998,0.017588299999999998,0.15127276500000003,0.22436399999999998,No Escape
Y,495,-1.9257894736842105,-1.8784210526315783,-3.60578947368421,-2.71,-7.755517602105262,-0.7216164381604218,-1.3185625030862302,-2.3837282356210587,0.0,0.0,0.0,0.0,0.0,0.18158499999999997,,,0.18158499999999997,No Escape
Y,505,-2.4357894736842103,0.06315789473684211,-0.21263157894736848,-1.1878947368421051,-5.67124825368421,-0.7216164381604218,-1.1212184098385438,-1.7342543768427967,0.10133,0.05263157894736842,0.34441263157894736,0.0,0.05263157894736842,0.021880812500000003,0.047526288888888886,0.06767936552631579,0.06767936552631579,No Escape
Y,508,-1.0089473684210526,-1.4005263157894736,-3.3684210526315788,-2.727368421052631,-6.02947259368421,-0.7216164381604218,-1.5679272947431822,-2.4478514814582613,0.02647526315789474,0.0,0.2915436842105263,0.15789473684210525,0.15789473684210525,0.06685831249999999,0.01821168888888889,0.055631751578947376,0.06685831249999999,No Escape
