,wt,mut,eisenberg_weiss_diff,charge_diff
0,A,C,-0.21,0
1,A,D,-0.97,-1
2,A,E,-0.87,-1
3,A,F,0.36,0
4,A,G,-0.09,0
5,A,H,-0.65,1
6,A,I,0.48,0
7,A,K,-1.35,1
8,A,L,0.28,0
9,A,M,0.010000000000000009,0
10,A,N,-0.89,0
11,A,P,-0.32,0
12,A,Q,-0.94,0
13,A,R,-2.05,1
14,A,S,-0.51,0
15,A,T,-0.43,0
16,A,V,0.29000000000000004,0
17,A,W,0.12,0
18,A,Y,-0.23,0
19,C,A,0.21,0
20,C,D,-0.76,-1
21,C,E,-0.66,-1
22,C,F,0.57,0
23,C,G,0.12,0
24,C,H,-0.44,1
25,C,I,0.69,0
26,C,K,-1.1400000000000001,1
27,C,L,0.49000000000000005,0
28,C,M,0.22,0
29,C,N,-0.68,0
30,C,P,-0.11000000000000001,0
31,C,Q,-0.73,0
32,C,R,-1.84,1
33,C,S,-0.3,0
34,C,T,-0.22,0
35,C,V,0.5,0
36,C,W,0.33,0
37,C,Y,-0.02,0
38,D,A,0.97,1
39,D,C,0.76,1
40,D,E,0.09999999999999998,0
41,D,F,1.33,1
42,D,G,0.88,1
43,D,H,0.31999999999999995,2
44,D,I,1.45,1
45,D,K,-0.3800000000000001,2
46,D,L,1.25,1
47,D,M,0.98,1
48,D,N,0.07999999999999996,1
49,D,P,0.6499999999999999,1
50,D,Q,0.030000000000000027,1
51,D,R,-1.08,2
52,D,S,0.45999999999999996,1
53,D,T,0.54,1
54,D,V,1.26,1
55,D,W,1.0899999999999999,1
56,D,Y,0.74,1
57,E,A,0.87,1
58,E,C,0.66,1
59,E,D,-0.09999999999999998,0
60,E,F,1.23,1
61,E,G,0.78,1
62,E,H,0.21999999999999997,2
63,E,I,1.35,1
64,E,K,-0.4800000000000001,2
65,E,L,1.15,1
66,E,M,0.88,1
67,E,N,-0.020000000000000018,1
68,E,P,0.55,1
69,E,Q,-0.06999999999999995,1
70,E,R,-1.1800000000000002,2
71,E,S,0.36,1
72,E,T,0.44,1
73,E,V,1.1600000000000001,1
74,E,W,0.99,1
75,E,Y,0.64,1
76,F,A,-0.36,0
77,F,C,-0.57,0
78,F,D,-1.33,-1
79,F,E,-1.23,-1
80,F,G,-0.44999999999999996,0
81,F,H,-1.01,1
82,F,I,0.12,0
83,F,K,-1.71,1
84,F,L,-0.07999999999999996,0
85,F,M,-0.35,0
86,F,N,-1.25,0
87,F,P,-0.6799999999999999,0
88,F,Q,-1.2999999999999998,0
89,F,R,-2.41,1
90,F,S,-0.87,0
91,F,T,-0.79,0
92,F,V,-0.06999999999999995,0
93,F,W,-0.24,0
94,F,Y,-0.59,0
95,G,A,0.09,0
96,G,C,-0.12,0
97,G,D,-0.88,-1
98,G,E,-0.78,-1
99,G,F,0.44999999999999996,0
100,G,H,-0.56,1
101,G,I,0.57,0
102,G,K,-1.26,1
103,G,L,0.37,0
104,G,M,0.1,0
105,G,N,-0.8,0
106,G,P,-0.23,0
107,G,Q,-0.85,0
108,G,R,-1.96,1
109,G,S,-0.42000000000000004,0
110,G,T,-0.33999999999999997,0
111,G,V,0.38,0
112,G,W,0.21,0
113,G,Y,-0.14,0
114,H,A,0.65,-1
115,H,C,0.44,-1
116,H,D,-0.31999999999999995,-2
117,H,E,-0.21999999999999997,-2
118,H,F,1.01,-1
119,H,G,0.56,-1
120,H,I,1.13,-1
121,H,K,-0.7000000000000001,0
122,H,L,0.93,-1
123,H,M,0.66,-1
124,H,N,-0.24,-1
125,H,P,0.33,-1
126,H,Q,-0.2899999999999999,-1
127,H,R,-1.4,0
128,H,S,0.14,-1
129,H,T,0.22000000000000003,-1
130,H,V,0.9400000000000001,-1
131,H,W,0.77,-1
132,H,Y,0.42000000000000004,-1
133,I,A,-0.48,0
134,I,C,-0.69,0
135,I,D,-1.45,-1
136,I,E,-1.35,-1
137,I,F,-0.12,0
138,I,G,-0.57,0
139,I,H,-1.13,1
140,I,K,-1.83,1
141,I,L,-0.19999999999999996,0
142,I,M,-0.47,0
143,I,N,-1.37,0
144,I,P,-0.8,0
145,I,Q,-1.42,0
146,I,R,-2.5300000000000002,1
147,I,S,-0.99,0
148,I,T,-0.9099999999999999,0
149,I,V,-0.18999999999999995,0
150,I,W,-0.36,0
151,I,Y,-0.71,0
152,K,A,1.35,-1
153,K,C,1.1400000000000001,-1
154,K,D,0.3800000000000001,-2
155,K,E,0.4800000000000001,-2
156,K,F,1.71,-1
157,K,G,1.26,-1
158,K,H,0.7000000000000001,0
159,K,I,1.83,-1
160,K,L,1.6300000000000001,-1
161,K,M,1.36,-1
162,K,N,0.4600000000000001,-1
163,K,P,1.03,-1
164,K,Q,0.41000000000000014,-1
165,K,R,-0.7,0
166,K,S,0.8400000000000001,-1
167,K,T,0.9200000000000002,-1
168,K,V,1.6400000000000001,-1
169,K,W,1.4700000000000002,-1
170,K,Y,1.12,-1
171,L,A,-0.28,0
172,L,C,-0.49000000000000005,0
173,L,D,-1.25,-1
174,L,E,-1.15,-1
175,L,F,0.07999999999999996,0
176,L,G,-0.37,0
177,L,H,-0.93,1
178,L,I,0.19999999999999996,0
179,L,K,-1.6300000000000001,1
180,L,M,-0.27,0
181,L,N,-1.17,0
182,L,P,-0.6000000000000001,0
183,L,Q,-1.22,0
184,L,R,-2.33,1
185,L,S,-0.79,0
186,L,T,-0.71,0
187,L,V,0.010000000000000009,0
188,L,W,-0.16000000000000003,0
189,L,Y,-0.51,0
190,M,A,-0.010000000000000009,0
191,M,C,-0.22,0
192,M,D,-0.98,-1
193,M,E,-0.88,-1
194,M,F,0.35,0
195,M,G,-0.1,0
196,M,H,-0.66,1
197,M,I,0.47,0
198,M,K,-1.36,1
199,M,L,0.27,0
200,M,N,-0.9,0
201,M,P,-0.33,0
202,M,Q,-0.95,0
203,M,R,-2.06,1
204,M,S,-0.52,0
205,M,T,-0.44,0
206,M,V,0.28,0
207,M,W,0.10999999999999999,0
208,M,Y,-0.24000000000000002,0
209,N,A,0.89,0
210,N,C,0.68,0
211,N,D,-0.07999999999999996,-1
212,N,E,0.020000000000000018,-1
213,N,F,1.25,0
214,N,G,0.8,0
215,N,H,0.24,1
216,N,I,1.37,0
217,N,K,-0.4600000000000001,1
218,N,L,1.17,0
219,N,M,0.9,0
220,N,P,0.5700000000000001,0
221,N,Q,-0.04999999999999993,0
222,N,R,-1.1600000000000001,1
223,N,S,0.38,0
224,N,T,0.46,0
225,N,V,1.1800000000000002,0
226,N,W,1.01,0
227,N,Y,0.66,0
228,P,A,0.32,0
229,P,C,0.11000000000000001,0
230,P,D,-0.6499999999999999,-1
231,P,E,-0.55,-1
232,P,F,0.6799999999999999,0
233,P,G,0.23,0
234,P,H,-0.33,1
235,P,I,0.8,0
236,P,K,-1.03,1
237,P,L,0.6000000000000001,0
238,P,M,0.33,0
239,P,N,-0.5700000000000001,0
240,P,Q,-0.6199999999999999,0
241,P,R,-1.73,1
242,P,S,-0.19,0
243,P,T,-0.10999999999999999,0
244,P,V,0.6100000000000001,0
245,P,W,0.44,0
246,P,Y,0.09000000000000001,0
247,Q,A,0.94,0
248,Q,C,0.73,0
249,Q,D,-0.030000000000000027,-1
250,Q,E,0.06999999999999995,-1
251,Q,F,1.2999999999999998,0
252,Q,G,0.85,0
253,Q,H,0.2899999999999999,1
254,Q,I,1.42,0
255,Q,K,-0.41000000000000014,1
256,Q,L,1.22,0
257,Q,M,0.95,0
258,Q,N,0.04999999999999993,0
259,Q,P,0.6199999999999999,0
260,Q,R,-1.11,1
261,Q,S,0.42999999999999994,0
262,Q,T,0.51,0
263,Q,V,1.23,0
264,Q,W,1.06,0
265,Q,Y,0.71,0
266,R,A,2.05,-1
267,R,C,1.84,-1
268,R,D,1.08,-2
269,R,E,1.1800000000000002,-2
270,R,F,2.41,-1
271,R,G,1.96,-1
272,R,H,1.4,0
273,R,I,2.5300000000000002,-1
274,R,K,0.7,0
275,R,L,2.33,-1
276,R,M,2.06,-1
277,R,N,1.1600000000000001,-1
278,R,P,1.73,-1
279,R,Q,1.11,-1
280,R,S,1.54,-1
281,R,T,1.62,-1
282,R,V,2.34,-1
283,R,W,2.17,-1
284,R,Y,1.82,-1
285,S,A,0.51,0
286,S,C,0.3,0
287,S,D,-0.45999999999999996,-1
288,S,E,-0.36,-1
289,S,F,0.87,0
290,S,G,0.42000000000000004,0
291,S,H,-0.14,1
292,S,I,0.99,0
293,S,K,-0.8400000000000001,1
294,S,L,0.79,0
295,S,M,0.52,0
296,S,N,-0.38,0
297,S,P,0.19,0
298,S,Q,-0.42999999999999994,0
299,S,R,-1.54,1
300,S,T,0.08000000000000002,0
301,S,V,0.8,0
302,S,W,0.63,0
303,S,Y,0.28,0
304,T,A,0.43,0
305,T,C,0.22,0
306,T,D,-0.54,-1
307,T,E,-0.44,-1
308,T,F,0.79,0
309,T,G,0.33999999999999997,0
310,T,H,-0.22000000000000003,1
311,T,I,0.9099999999999999,0
312,T,K,-0.9200000000000002,1
313,T,L,0.71,0
314,T,M,0.44,0
315,T,N,-0.46,0
316,T,P,0.10999999999999999,0
317,T,Q,-0.51,0
318,T,R,-1.62,1
319,T,S,-0.08000000000000002,0
320,T,V,0.72,0
321,T,W,0.55,0
322,T,Y,0.19999999999999998,0
323,V,A,-0.29000000000000004,0
324,V,C,-0.5,0
325,V,D,-1.26,-1
326,V,E,-1.1600000000000001,-1
327,V,F,0.06999999999999995,0
328,V,G,-0.38,0
329,V,H,-0.9400000000000001,1
330,V,I,0.18999999999999995,0
331,V,K,-1.6400000000000001,1
332,V,L,-0.010000000000000009,0
333,V,M,-0.28,0
334,V,N,-1.1800000000000002,0
335,V,P,-0.6100000000000001,0
336,V,Q,-1.23,0
337,V,R,-2.34,1
338,V,S,-0.8,0
339,V,T,-0.72,0
340,V,W,-0.17000000000000004,0
341,V,Y,-0.52,0
342,W,A,-0.12,0
343,W,C,-0.33,0
344,W,D,-1.0899999999999999,-1
345,W,E,-0.99,-1
346,W,F,0.24,0
347,W,G,-0.21,0
348,W,H,-0.77,1
349,W,I,0.36,0
350,W,K,-1.4700000000000002,1
351,W,L,0.16000000000000003,0
352,W,M,-0.10999999999999999,0
353,W,N,-1.01,0
354,W,P,-0.44,0
355,W,Q,-1.06,0
356,W,R,-2.17,1
357,W,S,-0.63,0
358,W,T,-0.55,0
359,W,V,0.17000000000000004,0
360,W,Y,-0.35,0
361,Y,A,0.23,0
362,Y,C,0.02,0
363,Y,D,-0.74,-1
364,Y,E,-0.64,-1
365,Y,F,0.59,0
366,Y,G,0.14,0
367,Y,H,-0.42000000000000004,1
368,Y,I,0.71,0
369,Y,K,-1.12,1
370,Y,L,0.51,0
371,Y,M,0.24000000000000002,0
372,Y,N,-0.66,0
373,Y,P,-0.09000000000000001,0
374,Y,Q,-0.71,0
375,Y,R,-1.82,1
376,Y,S,-0.28,0
377,Y,T,-0.19999999999999998,0
378,Y,V,0.52,0
379,Y,W,0.35,0
