,wt,mut,eisenberg_weiss_diff,charge_diff,size_diff,blsm62_diff
0,A,C,-0.21,0,32,0
1,A,D,-0.97,-1,44,-2
2,A,E,-0.87,-1,58,-1
3,A,F,0.36,0,76,-2
4,A,G,-0.09,0,-14,0
5,A,H,-0.65,1,67,-2
6,A,I,0.48,0,42,-1
7,A,K,-1.35,1,58,-1
8,A,L,0.28,0,42,-1
9,A,M,0.010000000000000009,0,60,-1
10,A,N,-0.89,0,43,-2
11,A,P,-0.32,0,27,-1
12,A,Q,-0.94,0,57,-1
13,A,R,-2.05,1,86,-1
14,A,S,-0.51,0,16,1
15,A,T,-0.43,0,30,0
16,A,V,0.29000000000000004,0,28,0
17,A,W,0.12,0,115,-3
18,A,Y,-0.23,0,92,-2
19,C,A,0.21,0,-32,0
20,C,D,-0.76,-1,12,-3
21,C,E,-0.66,-1,26,-4
22,C,F,0.57,0,44,-2
23,C,G,0.12,0,-46,-3
24,C,H,-0.44,1,35,-3
25,C,I,0.69,0,10,-1
26,C,K,-1.1400000000000001,1,26,-3
27,C,L,0.49000000000000005,0,10,-1
28,C,M,0.22,0,28,-1
29,C,N,-0.68,0,11,-3
30,C,P,-0.11000000000000001,0,-5,-3
31,C,Q,-0.73,0,25,-3
32,C,R,-1.84,1,54,-3
33,C,S,-0.3,0,-16,-1
34,C,T,-0.22,0,-2,-1
35,C,V,0.5,0,-4,-1
36,C,W,0.33,0,83,-2
37,C,Y,-0.02,0,60,-2
38,D,A,0.97,1,-44,-2
39,D,C,0.76,1,-12,-3
40,D,E,0.09999999999999998,0,14,2
41,D,F,1.33,1,32,-3
42,D,G,0.88,1,-58,-1
43,D,H,0.31999999999999995,2,23,-1
44,D,I,1.45,1,-2,-3
45,D,K,-0.3800000000000001,2,14,-1
46,D,L,1.25,1,-2,-4
47,D,M,0.98,1,16,-3
48,D,N,0.07999999999999996,1,-1,1
49,D,P,0.6499999999999999,1,-17,-1
50,D,Q,0.030000000000000027,1,13,0
51,D,R,-1.08,2,42,-2
52,D,S,0.45999999999999996,1,-28,0
53,D,T,0.54,1,-14,-1
54,D,V,1.26,1,-16,-3
55,D,W,1.0899999999999999,1,71,-4
56,D,Y,0.74,1,48,-3
57,E,A,0.87,1,-58,-1
58,E,C,0.66,1,-26,-4
59,E,D,-0.09999999999999998,0,-14,2
60,E,F,1.23,1,18,-3
61,E,G,0.78,1,-72,-2
62,E,H,0.21999999999999997,2,9,0
63,E,I,1.35,1,-16,-3
64,E,K,-0.4800000000000001,2,0,1
65,E,L,1.15,1,-16,-3
66,E,M,0.88,1,2,-2
67,E,N,-0.020000000000000018,1,-15,0
68,E,P,0.55,1,-31,-1
69,E,Q,-0.06999999999999995,1,-1,2
70,E,R,-1.1800000000000002,2,28,0
71,E,S,0.36,1,-42,0
72,E,T,0.44,1,-28,-1
73,E,V,1.1600000000000001,1,-30,-2
74,E,W,0.99,1,57,-3
75,E,Y,0.64,1,34,-2
76,F,A,-0.36,0,-76,-2
77,F,C,-0.57,0,-44,-2
78,F,D,-1.33,-1,-32,-3
79,F,E,-1.23,-1,-18,-3
80,F,G,-0.44999999999999996,0,-90,-3
81,F,H,-1.01,1,-9,-1
82,F,I,0.12,0,-34,0
83,F,K,-1.71,1,-18,-3
84,F,L,-0.07999999999999996,0,-34,0
85,F,M,-0.35,0,-16,0
86,F,N,-1.25,0,-33,-3
87,F,P,-0.6799999999999999,0,-49,-4
88,F,Q,-1.2999999999999998,0,-19,-3
89,F,R,-2.41,1,10,-3
90,F,S,-0.87,0,-60,-2
91,F,T,-0.79,0,-46,-2
92,F,V,-0.06999999999999995,0,-48,-1
93,F,W,-0.24,0,39,1
94,F,Y,-0.59,0,16,3
95,G,A,0.09,0,14,0
96,G,C,-0.12,0,46,-3
97,G,D,-0.88,-1,58,-1
98,G,E,-0.78,-1,72,-2
99,G,F,0.44999999999999996,0,90,-3
100,G,H,-0.56,1,81,-2
101,G,I,0.57,0,56,-4
102,G,K,-1.26,1,72,-2
103,G,L,0.37,0,56,-4
104,G,M,0.1,0,74,-3
105,G,N,-0.8,0,57,0
106,G,P,-0.23,0,41,-2
107,G,Q,-0.85,0,71,-2
108,G,R,-1.96,1,100,-2
109,G,S,-0.42000000000000004,0,30,0
110,G,T,-0.33999999999999997,0,44,-2
111,G,V,0.38,0,42,-3
112,G,W,0.21,0,129,-2
113,G,Y,-0.14,0,106,-3
114,H,A,0.65,-1,-67,-2
115,H,C,0.44,-1,-35,-3
116,H,D,-0.31999999999999995,-2,-23,-1
117,H,E,-0.21999999999999997,-2,-9,0
118,H,F,1.01,-1,9,-1
119,H,G,0.56,-1,-81,-2
120,H,I,1.13,-1,-25,-3
121,H,K,-0.7000000000000001,0,-9,-1
122,H,L,0.93,-1,-25,-3
123,H,M,0.66,-1,-7,-2
124,H,N,-0.24,-1,-24,1
125,H,P,0.33,-1,-40,-2
126,H,Q,-0.2899999999999999,-1,-10,0
127,H,R,-1.4,0,19,0
128,H,S,0.14,-1,-51,-1
129,H,T,0.22000000000000003,-1,-37,-2
130,H,V,0.9400000000000001,-1,-39,-3
131,H,W,0.77,-1,48,-2
132,H,Y,0.42000000000000004,-1,25,2
133,I,A,-0.48,0,-42,-1
134,I,C,-0.69,0,-10,-1
135,I,D,-1.45,-1,2,-3
136,I,E,-1.35,-1,16,-3
137,I,F,-0.12,0,34,0
138,I,G,-0.57,0,-56,-4
139,I,H,-1.13,1,25,-3
140,I,K,-1.83,1,16,-3
141,I,L,-0.19999999999999996,0,0,2
142,I,M,-0.47,0,18,1
143,I,N,-1.37,0,1,-3
144,I,P,-0.8,0,-15,-3
145,I,Q,-1.42,0,15,-3
146,I,R,-2.5300000000000002,1,44,-3
147,I,S,-0.99,0,-26,-2
148,I,T,-0.9099999999999999,0,-12,-1
149,I,V,-0.18999999999999995,0,-14,3
150,I,W,-0.36,0,73,-3
151,I,Y,-0.71,0,50,-1
152,K,A,1.35,-1,-58,-1
153,K,C,1.1400000000000001,-1,-26,-3
154,K,D,0.3800000000000001,-2,-14,-1
155,K,E,0.4800000000000001,-2,0,1
156,K,F,1.71,-1,18,-3
157,K,G,1.26,-1,-72,-2
158,K,H,0.7000000000000001,0,9,-1
159,K,I,1.83,-1,-16,-3
160,K,L,1.6300000000000001,-1,-16,-2
161,K,M,1.36,-1,2,-1
162,K,N,0.4600000000000001,-1,-15,0
163,K,P,1.03,-1,-31,-1
164,K,Q,0.41000000000000014,-1,-1,1
165,K,R,-0.7,0,28,2
166,K,S,0.8400000000000001,-1,-42,0
167,K,T,0.9200000000000002,-1,-28,-1
168,K,V,1.6400000000000001,-1,-30,-2
169,K,W,1.4700000000000002,-1,57,-3
170,K,Y,1.12,-1,34,-2
171,L,A,-0.28,0,-42,-1
172,L,C,-0.49000000000000005,0,-10,-1
173,L,D,-1.25,-1,2,-4
174,L,E,-1.15,-1,16,-3
175,L,F,0.07999999999999996,0,34,0
176,L,G,-0.37,0,-56,-4
177,L,H,-0.93,1,25,-3
178,L,I,0.19999999999999996,0,0,2
179,L,K,-1.6300000000000001,1,16,-2
180,L,M,-0.27,0,18,2
181,L,N,-1.17,0,1,-3
182,L,P,-0.6000000000000001,0,-15,-3
183,L,Q,-1.22,0,15,-2
184,L,R,-2.33,1,44,-2
185,L,S,-0.79,0,-26,-2
186,L,T,-0.71,0,-12,-1
187,L,V,0.010000000000000009,0,-14,1
188,L,W,-0.16000000000000003,0,73,-2
189,L,Y,-0.51,0,50,-1
190,M,A,-0.010000000000000009,0,-60,-1
191,M,C,-0.22,0,-28,-1
192,M,D,-0.98,-1,-16,-3
193,M,E,-0.88,-1,-2,-2
194,M,F,0.35,0,16,0
195,M,G,-0.1,0,-74,-3
196,M,H,-0.66,1,7,-2
197,M,I,0.47,0,-18,1
198,M,K,-1.36,1,-2,-1
199,M,L,0.27,0,-18,2
200,M,N,-0.9,0,-17,-2
201,M,P,-0.33,0,-33,-2
202,M,Q,-0.95,0,-3,0
203,M,R,-2.06,1,26,-1
204,M,S,-0.52,0,-44,-1
205,M,T,-0.44,0,-30,-1
206,M,V,0.28,0,-32,1
207,M,W,0.10999999999999999,0,55,-1
208,M,Y,-0.24000000000000002,0,32,-1
209,N,A,0.89,0,-43,-2
210,N,C,0.68,0,-11,-3
211,N,D,-0.07999999999999996,-1,1,1
212,N,E,0.020000000000000018,-1,15,0
213,N,F,1.25,0,33,-3
214,N,G,0.8,0,-57,0
215,N,H,0.24,1,24,1
216,N,I,1.37,0,-1,-3
217,N,K,-0.4600000000000001,1,15,0
218,N,L,1.17,0,-1,-3
219,N,M,0.9,0,17,-2
220,N,P,0.5700000000000001,0,-16,-2
221,N,Q,-0.04999999999999993,0,14,0
222,N,R,-1.1600000000000001,1,43,0
223,N,S,0.38,0,-27,1
224,N,T,0.46,0,-13,0
225,N,V,1.1800000000000002,0,-15,-3
226,N,W,1.01,0,72,-4
227,N,Y,0.66,0,49,-2
228,P,A,0.32,0,-27,-1
229,P,C,0.11000000000000001,0,5,-3
230,P,D,-0.6499999999999999,-1,17,-1
231,P,E,-0.55,-1,31,-1
232,P,F,0.6799999999999999,0,49,-4
233,P,G,0.23,0,-41,-2
234,P,H,-0.33,1,40,-2
235,P,I,0.8,0,15,-3
236,P,K,-1.03,1,31,-1
237,P,L,0.6000000000000001,0,15,-3
238,P,M,0.33,0,33,-2
239,P,N,-0.5700000000000001,0,16,-2
240,P,Q,-0.6199999999999999,0,30,-1
241,P,R,-1.73,1,59,-2
242,P,S,-0.19,0,-11,-1
243,P,T,-0.10999999999999999,0,3,-1
244,P,V,0.6100000000000001,0,1,-2
245,P,W,0.44,0,88,-4
246,P,Y,0.09000000000000001,0,65,-3
247,Q,A,0.94,0,-57,-1
248,Q,C,0.73,0,-25,-3
249,Q,D,-0.030000000000000027,-1,-13,0
250,Q,E,0.06999999999999995,-1,1,2
251,Q,F,1.2999999999999998,0,19,-3
252,Q,G,0.85,0,-71,-2
253,Q,H,0.2899999999999999,1,10,0
254,Q,I,1.42,0,-15,-3
255,Q,K,-0.41000000000000014,1,1,1
256,Q,L,1.22,0,-15,-2
257,Q,M,0.95,0,3,0
258,Q,N,0.04999999999999993,0,-14,0
259,Q,P,0.6199999999999999,0,-30,-1
260,Q,R,-1.11,1,29,1
261,Q,S,0.42999999999999994,0,-41,0
262,Q,T,0.51,0,-27,-1
263,Q,V,1.23,0,-29,-2
264,Q,W,1.06,0,58,-2
265,Q,Y,0.71,0,35,-1
266,R,A,2.05,-1,-86,-1
267,R,C,1.84,-1,-54,-3
268,R,D,1.08,-2,-42,-2
269,R,E,1.1800000000000002,-2,-28,0
270,R,F,2.41,-1,-10,-3
271,R,G,1.96,-1,-100,-2
272,R,H,1.4,0,-19,0
273,R,I,2.5300000000000002,-1,-44,-3
274,R,K,0.7,0,-28,2
275,R,L,2.33,-1,-44,-2
276,R,M,2.06,-1,-26,-1
277,R,N,1.1600000000000001,-1,-43,0
278,R,P,1.73,-1,-59,-2
279,R,Q,1.11,-1,-29,1
280,R,S,1.54,-1,-70,-1
281,R,T,1.62,-1,-56,-1
282,R,V,2.34,-1,-58,-3
283,R,W,2.17,-1,29,-3
284,R,Y,1.82,-1,6,-2
285,S,A,0.51,0,-16,1
286,S,C,0.3,0,16,-1
287,S,D,-0.45999999999999996,-1,28,0
288,S,E,-0.36,-1,42,0
289,S,F,0.87,0,60,-2
290,S,G,0.42000000000000004,0,-30,0
291,S,H,-0.14,1,51,-1
292,S,I,0.99,0,26,-2
293,S,K,-0.8400000000000001,1,42,0
294,S,L,0.79,0,26,-2
295,S,M,0.52,0,44,-1
296,S,N,-0.38,0,27,1
297,S,P,0.19,0,11,-1
298,S,Q,-0.42999999999999994,0,41,0
299,S,R,-1.54,1,70,-1
300,S,T,0.08000000000000002,0,14,1
301,S,V,0.8,0,12,-2
302,S,W,0.63,0,99,-3
303,S,Y,0.28,0,76,-2
304,T,A,0.43,0,-30,0
305,T,C,0.22,0,2,-1
306,T,D,-0.54,-1,14,-1
307,T,E,-0.44,-1,28,-1
308,T,F,0.79,0,46,-2
309,T,G,0.33999999999999997,0,-44,-2
310,T,H,-0.22000000000000003,1,37,-2
311,T,I,0.9099999999999999,0,12,-1
312,T,K,-0.9200000000000002,1,28,-1
313,T,L,0.71,0,12,-1
314,T,M,0.44,0,30,-1
315,T,N,-0.46,0,13,0
316,T,P,0.10999999999999999,0,-3,-1
317,T,Q,-0.51,0,27,-1
318,T,R,-1.62,1,56,-1
319,T,S,-0.08000000000000002,0,-14,1
320,T,V,0.72,0,-2,0
321,T,W,0.55,0,85,-2
322,T,Y,0.19999999999999998,0,62,-2
323,V,A,-0.29000000000000004,0,-28,0
324,V,C,-0.5,0,4,-1
325,V,D,-1.26,-1,16,-3
326,V,E,-1.1600000000000001,-1,30,-2
327,V,F,0.06999999999999995,0,48,-1
328,V,G,-0.38,0,-42,-3
329,V,H,-0.9400000000000001,1,39,-3
330,V,I,0.18999999999999995,0,14,3
331,V,K,-1.6400000000000001,1,30,-2
332,V,L,-0.010000000000000009,0,14,1
333,V,M,-0.28,0,32,1
334,V,N,-1.1800000000000002,0,15,-3
335,V,P,-0.6100000000000001,0,-1,-2
336,V,Q,-1.23,0,29,-2
337,V,R,-2.34,1,58,-3
338,V,S,-0.8,0,-12,-2
339,V,T,-0.72,0,2,0
340,V,W,-0.17000000000000004,0,87,-3
341,V,Y,-0.52,0,64,-1
342,W,A,-0.12,0,-115,-3
343,W,C,-0.33,0,-83,-2
344,W,D,-1.0899999999999999,-1,-71,-4
345,W,E,-0.99,-1,-57,-3
346,W,F,0.24,0,-39,1
347,W,G,-0.21,0,-129,-2
348,W,H,-0.77,1,-48,-2
349,W,I,0.36,0,-73,-3
350,W,K,-1.4700000000000002,1,-57,-3
351,W,L,0.16000000000000003,0,-73,-2
352,W,M,-0.10999999999999999,0,-55,-1
353,W,N,-1.01,0,-72,-4
354,W,P,-0.44,0,-88,-4
355,W,Q,-1.06,0,-58,-2
356,W,R,-2.17,1,-29,-3
357,W,S,-0.63,0,-99,-3
358,W,T,-0.55,0,-85,-2
359,W,V,0.17000000000000004,0,-87,-3
360,W,Y,-0.35,0,-23,2
361,Y,A,0.23,0,-92,-2
362,Y,C,0.02,0,-60,-2
363,Y,D,-0.74,-1,-48,-3
364,Y,E,-0.64,-1,-34,-2
365,Y,F,0.59,0,-16,3
366,Y,G,0.14,0,-106,-3
367,Y,H,-0.42000000000000004,1,-25,2
368,Y,I,0.71,0,-50,-1
369,Y,K,-1.12,1,-34,-2
370,Y,L,0.51,0,-50,-1
371,Y,M,0.24000000000000002,0,-32,-1
372,Y,N,-0.66,0,-49,-2
373,Y,P,-0.09000000000000001,0,-65,-3
374,Y,Q,-0.71,0,-35,-1
375,Y,R,-1.82,1,-6,-2
376,Y,S,-0.28,0,-76,-2
377,Y,T,-0.19999999999999998,0,-62,-2
378,Y,V,0.52,0,-64,-1
379,Y,W,0.35,0,23,2
