i,wt,flu_h1_replication,fitness_eve,dissimilarity_charge_hydro,accessibility_wcn,max_escape_experiment,is_escape_experiment,evescape
1,M,,,-0.6110760473684211,,0.017576594736842106,0.0,-2.1986057157894736
2,K,-0.34186311052631574,,1.6111617684210529,,0.024985715789473683,0.05263157894736842,-1.8730150894736841
3,A,-0.7348107105263157,,-0.6188332684210526,,0.01537754736842105,0.0,-2.199640068421053
4,K,-0.4920235894736842,,1.6111617684210529,,0.016972621052631576,0.0,-1.8730150894736841
5,L,-1.410839052631579,,-0.3182409789473684,,0.017929557894736842,0.0,-2.1569670157894736
6,L,-1.4249418684210526,,-0.3182409789473684,,0.017133031578947366,0.0,-2.1569670157894736
7,V,-1.1320725578947368,,-0.304665847368421,,0.016735615789473683,0.0,-2.1549884842105262
8,L,-2.0730411631578947,,-0.3182409789473684,,0.017334505263157895,0.0,-2.1569670157894736
9,L,-1.6899679789473685,,-0.3182409789473684,,0.01865673157894737,0.0,-2.1569670157894736
10,Y,-1.0869531947368423,,-0.7216164368421053,,0.01736054736842105,0.0,-2.210486505263158
11,A,-0.7367385105263158,,-0.6188332684210526,,0.016907473684210528,0.0,-2.199640068421053
12,F,-1.185236057894737,,-0.196064752631579,,0.01703111052631579,0.0,-2.1386467789473684
13,V,-1.622456205263158,,-0.304665847368421,,0.018469468421052633,0.0,-2.1549884842105262
14,A,-1.3288370789473685,,-0.6188332684210526,,0.016848084210526314,0.0,-2.199640068421053
15,T,-1.8920491947368423,-8.543992836842104,-0.7002840789473684,,0.016487715789473684,0.0,-1.8604514842105262
16,D,-1.5768146,-8.129873157894737,1.2102503,,0.01730911052631579,0.0,-1.544700589473684
17,A,-2.5269283894736843,-10.0541009,-0.6188332684210526,,0.01701195789473684,0.0,-2.0111892368421054
18,D,-2.6453764,-13.148043663157894,1.2102503,-1.0399174,0.017112594736842106,0.0,-1.707702947368421
19,T,-1.0304390315789476,-10.466643268421052,-0.7002840789473684,-1.1833967,0.0170701,0.0,-1.6238784105263158
20,I,-2.6599307263157894,-12.229810231578947,0.013380184210526365,-1.4361128,0.018068747368421054,0.0,-2.115323057894737
21,C,-3.0670279894736843,-13.933009105263158,-0.7177378263157895,-1.4778974,0.017122784210526314,0.0,-2.615326889473684
22,I,-2.756820305263158,-12.0613705,0.013380184210526365,-1.6417901,0.018081857894736843,0.0,-2.4787532684210527
23,G,-3.0474715210526315,-13.58371324736842,-0.6711945052631579,-1.6531391,0.017202389473684212,0.0,-2.8820555368421052
24,Y,-2.592729094736842,-13.032773268421053,-0.7216164368421053,-1.7384358,0.019083184210526315,0.0,-2.980627705263158
25,H,-2.0912210368421054,-11.469699557894737,0.7326565631578947,-1.4526466,0.01856282105263158,0.0,-1.8620098315789475
26,A,-2.6951501842105263,-12.676180215789474,-0.6188332684210526,-1.505732,0.01669373157894737,0.0,-2.3959813789473685
27,N,-3.1419485105263156,-12.623555052631579,-0.3977524894736842,-1.3986183,0.01759076842105263,0.0,-2.1457983526315787
28,N,-3.0971291842105266,-13.133095157894736,-0.3977524894736842,-1.0032222,0.016540036842105265,0.0,-1.9085252000000001
29,S,-2.6488066105263157,-14.119385442105262,-0.669255205263158,-1.3826242,0.017658431578947368,0.0,-2.502345231578947
30,T,-2.8063426789473684,-12.80403152631579,-0.7002840789473684,-1.0666588,0.01657016842105263,0.0,-1.9388461842105262
31,D,-2.513451494736842,-11.588053194736842,1.2102503,-1.4024172,0.016342457894736845,0.0,-1.7659774789473683
32,T,-2.2615351263157897,-11.82772472631579,-0.7002840789473684,-1.3680612,0.016134042105263157,0.0,-2.029757378947368
33,V,-2.8485915263157895,-13.113372478947369,-0.304665847368421,-1.7589658000000001,0.017462336842105262,0.0,-3.0066597578947367
34,D,-2.8711615315789474,-12.542448968421054,1.2102503,-1.5868679,0.016668821052631577,0.0,-2.2430044789473684
35,T,-3.050299042105263,-14.023641110526315,-0.7002840789473684,-1.8328312,0.01676591052631579,0.0,-3.442851989473684
36,I,-2.4397608631578946,-6.675540931578948,0.013380184210526365,-1.9135801,0.018535115789473686,0.0,-2.576190226315789
37,L,-1.0286683315789473,-10.79553804736842,-0.3182409789473684,-1.8552773,0.01755444210526316,0.0,-2.865812494736842
38,E,-2.425813405263158,-12.437027789473683,1.0919526894736842,-1.5284907,0.016893605263157894,0.0,-2.1317005315789475
39,K,-2.3457876368421053,-11.9812352,1.6111617684210529,-1.4741558,0.01686438947368421,0.0,-1.8968317157894738
40,N,-2.6250353789473686,-11.946661005263158,-0.3977524894736842,-1.2827971,0.017183115789473683,0.0,-1.889811547368421
41,V,-2.585594352631579,-13.038556868421054,-0.304665847368421,-1.668796,0.017291,0.0,-2.766476584210526
42,A,-0.8918800105263158,-5.6076583,-0.6188332684210526,-1.3451067,0.01766693157894737,0.0,-1.3762040947368421
43,V,-1.789179752631579,-14.056013573684211,-0.304665847368421,-1.7130174,0.017744894736842105,0.0,-3.0811088368421053
44,T,-2.8741585263157896,-14.721956568421053,-0.7002840789473684,-1.6629706,0.01837076842105263,0.0,-3.168560778947368
45,H,-2.4957032157894736,-13.21707635263158,0.7326565631578947,-1.465733,0.024043805263157896,0.05263157894736842,-2.2095804
46,S,-2.3517204315789475,-12.97021865263158,-0.669255205263158,-1.6268018,0.017060615789473682,0.0,-2.684389773684211
47,V,-1.9488690315789474,-11.578728921052631,-0.304665847368421,-1.555132,0.021113594736842104,0.0,-2.2553628157894736
48,N,-2.6863886894736844,-11.894975215789474,-0.3977524894736842,-1.4878488,0.01753728947368421,0.0,-2.1666239947368418
49,L,-3.026968815789474,-13.30694582631579,-0.3182409789473684,-1.7646499000000002,0.017486594736842106,0.0,-3.0527876105263156
50,L,-3.1009266578947368,-13.696928331578945,-0.3182409789473684,-1.6813272,0.017062868421052632,0.0,-2.9317195789473685
51,E,-1.8723595421052632,-12.453973742105264,1.0919526894736842,-1.5441704,0.016201142105263158,0.0,-2.1538067684210525
52,D,-1.5739861473684211,-10.275766547368422,1.2102503,-1.3394368,0.017178484210526316,0.0,-1.5012684157894736
53,S,-0.6425745368421053,-9.054977210526316,-0.669255205263158,-1.2392468,0.01893066842105263,0.0,-1.4999641315789474
54,H,-2.3496755631578945,-12.091005321052632,0.7326565631578947,-1.4432872,0.017204094736842104,0.0,-1.952702852631579
55,N,-2.7686821,-11.603538115789474,-0.3977524894736842,-1.4077535,0.01742468947368421,0.0,-1.9759466894736841
56,G,-2.114945857894737,-11.893501394736843,-0.6711945052631579,-1.3564271,0.016489384210526314,0.0,-2.0368386315789473
57,K,-1.6668095894736843,-11.297991657894737,1.6111617684210529,-1.2246087,0.017462563157894736,0.0,-1.4484110421052632
58,L,-2.8505328315789473,-13.534022310526316,-0.3182409789473684,-1.5973043,0.017017342105263157,0.0,-2.7087837
59,C,-2.9950636999999998,-14.349673015789472,-0.7177378263157895,-1.5514298,0.018004384210526313,0.0,-2.8533494894736844
60,K,-1.4942005684210526,-7.542275531578947,1.6111617684210529,-1.1873006,0.017580310526315788,0.0,-1.006611794736842
61,L,-2.889558857894737,-12.10023709473684,-0.3182409789473684,-1.5699011,0.018265773684210528,0.0,-2.380132636842105
62,K,-1.3765147368421053,-9.604477384210526,1.6111617684210529,-1.2382286,0.017097215789473683,0.0,-1.2471934684210526
63,G,-2.5951746473684207,-12.316724347368421,-0.6711945052631579,-1.1690809,0.0174816,0.0,-1.9142491210526316
64,I,-1.4784684578947367,-9.402595563157893,0.013380184210526365,-1.2855856,0.017970626315789474,0.0,-1.5177493000000002
65,A,-0.8968812684210526,-9.12286767368421,-0.6188332684210526,-1.3359326,0.01797606842105263,0.0,-1.6172843789473685
66,P,-3.059324168421053,-13.328658899999999,-0.7216164368421053,-1.6048136,0.017288826315789475,0.0,-2.7299331105263156
67,L,-2.7631097210526314,-13.108805757894737,-0.3182409789473684,-1.6443892,0.016451110526315788,0.0,-2.720398857894737
68,Q,-0.5261863157894737,-10.5892835,-0.33957332631578946,-1.3816185,0.01848256842105263,0.0,-1.7863103684210528
69,L,-3.1109799842105264,-12.859554268421054,-0.3182409789473684,-1.7441845999999999,0.019047136842105263,0.0,-2.896247894736842
70,G,-1.5753669894736841,-10.775196584210526,-0.6711945052631579,-1.4804387,0.018081173684210528,0.0,-2.0342868000000003
71,K,-0.45157205263157896,-9.215581984210527,1.6111617684210529,-1.3531513,0.017828652631578946,0.0,-1.3333724578947368
72,C,-3.3339573000000002,-14.730123084210526,-0.7177378263157895,-1.7269324,0.01689846842105263,0.0,-3.342002421052632
73,N,-2.0270288789473683,-10.564754452631579,-0.3977524894736842,-1.8033777000000002,0.016957563157894737,0.0,-2.673735347368421
74,I,-2.7328028842105265,-10.89048944736842,0.013380184210526365,-1.9062049000000003,0.017200384210526318,0.0,-2.9806915210526315
75,T,-1.6030360421052632,-4.212225031578948,-0.7002840789473684,-1.9359926000000003,0.017226994736842107,0.0,-2.6292221263157898
76,G,-3.266788289473684,-13.918987684210526,-0.6711945052631579,-1.8851735,0.016726189473684212,0.0,-3.571627547368421
77,W,-3.223631242105263,-12.205464257894738,-0.5044142684210526,-1.7524136,0.016949184210526314,0.0,-2.8380886631578948
78,L,-2.8670502736842103,-10.11408435263158,-0.3182409789473684,-1.8659594999999998,0.016274094736842104,0.0,-2.817819978947368
79,L,-2.939607147368421,-13.185378557894737,-0.3182409789473684,-1.8791045999999998,0.018334336842105264,0.0,-3.3404162368421053
80,G,-3.577453163157895,-14.416316926315789,-0.6711945052631579,-1.6858730000000002,0.01719298947368421,0.0,-3.149949047368421
81,N,-3.0257716736842104,-12.628098657894737,-0.3977524894736842,-1.7075107999999999,0.017033084210526316,0.0,-2.7569910368421056
82,P,-3.2739170263157895,-15.019004394736843,-0.7216164368421053,-1.5334287,0.016743784210526316,0.0,-2.978764794736842
83,E,-1.7285434631578946,-10.047006063157895,1.0919526894736842,-1.2916636,0.018375684210526315,0.0,-1.4038447842105264
84,C,-3.3121582842105264,-15.050796636842104,-0.7177378263157895,-1.7214336000000001,0.017157005263157898,0.0,-3.400990531578947
85,D,-2.8957713894736843,-10.243263015789474,1.2102503,-1.3026454,0.01603712105263158,0.0,-1.4542949315789473
86,S,-0.31783443157894736,-8.23065122631579,-0.669255205263158,-1.1785537,0.01975987894736842,0.0,-1.3726615789473684
87,L,-2.861366257894737,-10.932345478947369,-0.3182409789473684,-1.5217034,0.016661363157894737,0.0,-2.088160389473684
88,L,-1.5522076315789475,-9.224115931578947,-0.3182409789473684,-1.3638902,0.015113526315789473,0.0,-1.6240758263157895
89,P,-0.38474943157894737,-7.585517315789474,-0.7216164368421053,-1.1130987,0.05066855789473684,0.21052631578947367,-1.2855660210526316
90,A,-0.3888833578947368,-7.098078357894737,-0.6188332684210526,-1.3452612,0.08566011052631578,0.3684210526315789,-1.4624767578947369
91,R,-0.7858970684210526,-7.3668296210526325,2.8329239736842107,-1.1298668,0.1573059,0.7368421052631579,-0.8323661315789473
92,S,-0.5694712789473685,-12.059951289473684,-0.669255205263158,-1.2522164,0.03410498947368421,0.10526315789473684,-1.927552347368421
93,W,-2.648473963157895,-13.24402114736842,-0.5044142684210526,-1.6252441,0.01747676842105263,0.0,-2.7344901789473686
94,S,-3.0111041736842106,-13.129769736842105,-0.669255205263158,-1.5746631,0.017174147368421055,0.0,-2.6118654631578946
95,Y,-3.5064063473684213,-13.768620236842105,-0.7216164368421053,-1.7509895,0.018140131578947366,0.0,-3.173460805263158
96,I,-3.089336842105263,-12.893201342105263,0.013380184210526365,-1.8130475,0.018260784210526317,0.0,-3.054283905263158
97,V,-3.044076405263158,-10.26086104736842,-0.304665847368421,-1.6685234,0.0186765,0.0,-2.3047312421052633
98,E,-2.8662395000000003,-13.81793344736842,1.0919526894736842,-1.7653770000000002,0.016581210526315792,0.0,-2.9473995947368423
99,T,-0.7175186789473684,-9.66707697368421,-0.7002840789473684,-1.4773889,0.0185056,0.0,-1.8872385421052633
100,P,-0.8024874105263158,-9.830254157894737,-0.7216164368421053,-1.3320594,0.016546847368421054,0.0,-1.6973519263157897
101,N,-1.0450055789473685,-9.470233489473683,-0.3977524894736842,-1.1615332,0.01586708947368421,0.0,-1.4401194894736842
102,S,-1.6029222157894736,-10.671743942105264,-0.669255205263158,-1.6204067,0.016556905263157895,0.0,-2.2924255315789472
103,E,-1.1534141210526316,-8.649046573684211,1.0919526894736842,-1.293452,0.019233447368421055,0.0,-1.2667029631578948
104,N,-0.6341861210526316,-10.058151736842106,-0.3977524894736842,-1.4508632,0.01757096842105263,0.0,-1.841950842105263
105,G,-2.893160584210526,-11.8162276,-0.6711945052631579,-1.8342241999999997,0.017564315789473685,0.0,-3.0118884526315792
106,A,-1.6264246842105263,-7.5904181263157895,-0.6188332684210526,-1.7668871,0.01829307894736842,0.0,-2.318140984210526
107,C,-3.4850505736842106,-14.85588252631579,-0.7177378263157895,-1.7604740000000003,0.01718226842105263,0.0,-3.447739836842105
108,Y,-3.158639415789474,-13.671322426315788,-0.7216164368421053,-1.721572,0.017354784210526317,0.0,-3.0805100315789473
109,P,-3.3097719157894736,-15.90392422105263,-0.7216164368421053,-1.6733062,0.01706296842105263,0.0,-3.502076273684211
110,G,-3.2504654105263158,-13.103601036842106,-0.6711945052631579,-1.7765303000000001,0.017239184210526316,0.0,-3.0798608684210524
111,D,-1.2527022421052632,-8.41119065263158,1.2102503,-1.7654055,0.016624431578947368,0.0,-2.1010651263157896
112,L,-2.638715910526316,-4.057626815789473,-0.3182409789473684,-1.8904186999999997,0.017577,0.0,-2.444624257894737
113,I,-0.3641899894736842,-8.248844231578948,0.013380184210526365,-1.8372004,0.017791231578947367,0.0,-2.469761247368421
114,D,-2.242916110526316,-10.9482075,1.2102503,-1.8365058000000003,0.018682415789473685,0.0,-2.616914394736842
115,Y,-1.7730826684210526,-12.456305231578947,-0.7216164368421053,-1.8793248999999999,0.018019926315789477,0.0,-3.2340219368421055
116,E,-2.5368484263157893,-13.455017694736842,1.0919526894736842,-1.8468231,0.018340489473684208,0.0,-3.1072268105263157
117,E,-3.112484578947368,-13.535350868421054,1.0919526894736842,-1.8864915,0.016993715789473684,0.0,-3.2211769789473683
118,L,-3.4667625947368417,-14.11377532631579,-0.3182409789473684,-1.91642,0.017255915789473684,0.0,-3.662375878947369
119,R,-2.1566767631578947,-10.824565042105263,2.8329239736842107,-1.9006447000000002,0.016528200000000003,0.0,-2.6011795052631577
120,E,-2.9735211263157892,-11.910931084210526,1.0919526894736842,-1.8817409999999999,0.017201131578947367,0.0,-2.874437205263158
121,Q,-2.512931247368421,-11.485888057894737,-0.33957332631578946,-1.795465,0.01824301052631579,0.0,-2.7801541263157894
122,L,-3.0705522736842106,-12.648790257894737,-0.3182409789473684,-1.8495517,0.017478605263157893,0.0,-3.1704848526315788
123,S,-1.0627783105263158,-11.554415794736842,-0.669255205263158,-1.8675308,0.016440721052631578,0.0,-3.0646808315789476
124,S,-1.3388219631578948,-10.941776942105262,-0.669255205263158,-1.6862506,0.017082173684210528,0.0,-2.467729394736842
125,V,-2.147993110526316,-10.692487494736843,-0.304665847368421,-1.7171264999999998,0.01759515789473684,0.0,-2.480686863157895
126,S,-0.7106791473684211,-10.852851310526315,-0.669255205263158,-1.4632835,0.018525636842105262,0.0,-2.002911163157895
127,S,-0.9203114052631579,-11.90427632631579,-0.669255205263158,-1.4069011,0.018152721052631576,0.0,-2.090678721052632
128,L,-1.8660627157894736,-8.860778789473684,-0.3182409789473684,-1.595718,0.018584805263157894,0.0,-1.9888734263157897
129,E,-2.299134457894737,-12.11491957368421,1.0919526894736842,-1.287502,0.019109063157894738,0.0,-1.7331857368421053
130,R,-2.9802642789473683,-11.484339657894736,2.8329239736842107,-1.4315208,0.017042194736842105,0.0,-1.619751952631579
131,F,-2.7561068,-12.944615410526316,-0.196064752631579,-1.4533471,0.017042331578947367,0.0,-2.310310589473684
132,E,-2.2624225789473686,-11.424248331578946,1.0919526894736842,-1.2072934,0.018155447368421052,0.0,-1.5308965368421052
133,I,-2.408721289473684,-12.140362205263157,0.013380184210526365,-1.6340923,0.01989747894736842,0.0,-2.4710067000000002
134,F,-3.041673173684211,-12.084231110526316,-0.196064752631579,-1.556634,0.01845941052631579,0.0,-2.314848805263158
135,P,-1.617566747368421,-11.437448631578947,-0.7216164368421053,-1.2037184,0.017373115789473682,0.0,-1.7969477999999999
136,K,-0.8452522684210526,-9.731779384210526,1.6111617684210529,-1.1765755,0.05144597894736842,0.42105263157894735,-1.1930709526315788
137,E,-1.6988522210526316,,1.0919526894736842,-0.8838819,0.01841922631578947,0.0,-1.3314937315789475
138,S,-0.5281188421052632,-9.09051385263158,-0.669255205263158,-1.0030535,0.018406584210526315,0.0,-1.3553424052631577
139,S,-1.1289156842105263,-11.200614863157895,-0.669255205263158,-1.3451963,0.019389357894736843,0.0,-1.8662388
140,W,-3.345287705263158,-13.720649784210527,-0.5044142684210526,-1.5063104,0.018860073684210527,0.0,-2.595181236842105
141,P,-1.7262070315789473,-11.484702031578948,-0.7216164368421053,-0.9962111,0.02025884210526316,0.0,-1.678168494736842
142,N,-3.3397726,-8.333299452631579,-0.3977524894736842,-0.9848712999999999,0.01867721052631579,0.0,-1.2246657736842106
143,H,-2.0692787,-11.699972347368421,0.7326565631578947,-1.3571304,0.01696504210526316,0.0,-1.7593819526315788
144,T,-2.8484876,-5.344290310526316,-0.7002840789473684,-1.1021543,0.01938382105263158,0.0,-1.145650657894737
145,F,-1.1878740578947369,-1.702381647368421,-0.196064752631579,-1.2869726,0.016623136842105264,0.0,-1.1409456789473684
146,N,-0.6416999578947368,-5.2582288473684216,-0.3977524894736842,-1.0705335,0.026083926315789475,0.05263157894736842,-1.0723669684210526
147,G,-2.075544689473684,-13.444326247368421,-0.6711945052631579,-1.3462295,0.016984794736842106,0.0,-2.3172386263157896
148,V,-1.2126546578947368,-9.287212794736842,-0.304665847368421,-1.2506701,0.041790284210526316,0.10526315789473684,-1.505576
149,T,-2.4250638684210526,-12.039103647368421,-0.7002840789473684,-1.5407777,0.01533934210526316,0.0,-2.349214836842105
150,V,-0.05868413157894737,-4.961672478947368,-0.304665847368421,-1.1937873,0.018862784210526316,0.0,-1.1496908263157894
151,S,-2.1125142526315788,-10.10664124736842,-0.669255205263158,-1.5632479,0.016483426315789473,0.0,-2.1020056157894738
152,C,-2.8901090947368417,-14.478888910526315,-0.7177378263157895,-1.7178651,0.016954494736842105,0.0,-3.2487366263157895
153,S,0.19268802631578946,-9.914954910526316,-0.669255205263158,-1.1832457,0.2052966105263158,0.8421052631578947,-1.552371705263158
154,H,-0.07953578421052632,-9.574216836842107,0.7326565631578947,-1.16098,0.052294478947368425,0.10526315789473684,-1.2810492526315789
155,R,-0.4129821842105263,-4.1172099736842105,2.8329239736842107,-0.8609983,0.018614021052631578,0.0,-0.5404068315789473
156,G,-1.022228647368421,-10.171957905263158,-0.6711945052631579,-0.8929578,0.10151523684210526,0.47368421052631576,-1.4253115684210527
157,K,-0.24207771578947368,-7.534073705263158,1.6111617684210529,-0.8459178,0.2436031157894737,0.8421052631578947,-0.8530845263157895
158,S,-0.511069652631579,-8.765876163157895,-0.669255205263158,-1.1498443,0.08922255263157895,0.3157894736842105,-1.3928455947368423
159,S,-1.322226894736842,-11.266664563157894,-0.669255205263158,-1.2967446,0.028020889473684207,0.10526315789473684,-1.8396540842105262
160,F,-3.2104043421052633,-14.546654652631577,-0.196064752631579,-1.5948614,0.016776278947368422,0.0,-2.9213066315789473
161,Y,-3.2772881315789477,-13.034220794736841,-0.7216164368421053,-1.8020142,0.01798825789473684,0.0,-3.147049168421052
162,R,-2.5093548473684213,-10.288535010526315,2.8329239736842107,-1.378401,0.017603763157894737,0.0,-1.3695989052631579
163,N,-3.4891508736842107,-12.654130468421052,-0.3977524894736842,-1.6444076,0.017444452631578945,0.0,-2.612024794736842
164,L,-2.9864224842105265,-12.854300084210527,-0.3182409789473684,-1.7481989,0.017156705263157896,0.0,-2.918067647368421
165,L,-2.1941954263157895,-9.958800010526316,-0.3182409789473684,-1.4864455,0.019233684210526316,0.0,-1.8984507842105263
166,W,-3.4725649157894733,-13.744134205263157,-0.5044142684210526,-1.5798218,0.017315131578947367,0.0,-2.7399244263157896
167,L,-2.867787652631579,-11.603775178947368,-0.3182409789473684,-1.5667765,0.017889373684210525,0.0,-2.2824852947368424
168,T,-1.9837562000000002,-10.382448878947368,-0.7002840789473684,-1.3528426,0.01635036315789474,0.0,-1.8027297736842107
169,K,-0.9812012157894737,-8.35911864736842,1.6111617684210529,-1.110837,0.10730235263157895,0.631578947368421,-1.0201867105263158
170,K,-0.697186305263158,-8.323305142105262,1.6111617684210529,-0.9896923000000001,0.01123636842105263,0.0,-0.9466644631578948
171,G,-0.9155000315789474,-7.288894168421052,-0.6711945052631579,-0.7902361,0.16671901578947368,0.5263157894736842,-1.1460118736842106
172,D,-1.8140422999999999,-6.827348878947368,1.2102503,-0.95821,0.015751373684210524,0.0,-0.8751487842105262
173,S,-0.48279008947368424,-9.201850321052632,-0.669255205263158,-1.0074419,0.021274552631578948,0.0,-1.3473206526315789
174,Y,-3.1185285631578945,-13.01102745263158,-0.7216164368421053,-1.5030602,0.018584894736842106,0.0,-2.460291
175,P,0.44815154736842105,-12.176399284210527,-0.7216164368421053,-1.1462553,0.01045318947368421,0.0,-1.8785727842105264
176,K,-0.3017897789473684,-7.434319768421053,1.6111617684210529,-1.2500673,0.011451452631578948,0.0,-1.0459683736842105
177,L,-1.7182873052631578,-10.97159997368421,-0.3182409789473684,-1.5060988,0.019288636842105262,0.0,-2.0765862684210523
178,T,-1.0541126736842106,-4.512036131578947,-0.7002840789473684,-1.2884998,0.017415505263157893,0.0,-1.2745556210526316
179,N,-1.0553001947368421,-7.994045536842105,-0.3977524894736842,-1.353447,0.01978175789473684,0.0,-1.487571794736842
180,S,-0.8904022052631578,-10.971955978947369,-0.669255205263158,-1.3647846,0.01651881052631579,0.0,-1.8658333368421054
181,Y,-3.128123557894737,-12.027494094736841,-0.7216164368421053,-1.4635181,0.01658508421052632,0.0,-2.206709031578947
182,V,-0.6197936210526316,-8.684463015789474,-0.304665847368421,-1.2297413,0.06556657894736842,0.21052631578947367,-1.4223925368421053
183,N,-3.196239042105263,-13.013744468421052,-0.3977524894736842,-1.5085865,0.01734901052631579,0.0,-2.4059673368421053
184,N,-0.5869969157894737,-8.640161194736843,-0.3977524894736842,-1.0194724,0.020720757894736843,0.05263157894736842,-1.2774518263157895
185,K,-1.3945717947368421,-9.268358136842105,1.6111617684210529,-1.3214554,0.01905718947368421,0.0,-1.2875942894736843
186,G,-1.4722695368421053,-9.320751910526315,-0.6711945052631579,-1.1654581,0.06829131578947367,0.3157894736842105,-1.4977865052631578
187,K,-1.4309615157894737,-10.466312431578947,1.6111617684210529,-1.2714639,0.01738413157894737,0.0,-1.3802079894736843
188,E,-1.2175002263157895,-11.51594042631579,1.0919526894736842,-1.5692324,0.02213327894736842,0.05263157894736842,-2.053297668421053
189,V,-3.1120916631578948,-11.268410826315788,-0.304665847368421,-1.6644239,0.016704684210526316,0.0,-2.4333021421052634
190,L,-3.302560352631579,-13.606039305263158,-0.3182409789473684,-1.8407486,0.018062415789473683,0.0,-3.3319119842105263
191,V,-2.7837226210526316,-11.334174521052631,-0.304665847368421,-1.8054569,0.015959121052631576,0.0,-2.8024984105263155
192,L,-2.6833754526315787,-12.005164842105263,-0.3182409789473684,-1.8429461,0.017547105263157895,0.0,-3.0457912578947366
193,W,-3.1684149,-14.051892036842105,-0.5044142684210526,-1.8719426,0.01741161052631579,0.0,-3.537429752631579
194,G,-3.4164863105263152,-13.6421926,-0.6711945052631579,-1.8718529,0.01754045263157895,0.0,-3.4788495368421053
195,V,-2.951496257894737,-11.172234147368421,-0.304665847368421,-1.853137,0.01899286842105263,0.0,-2.9187109789473684
196,H,-3.4289753684210527,-12.647264310526316,0.7326565631578947,-1.7054989000000003,0.017461036842105263,0.0,-2.5816473789473684
197,H,-1.016783310526316,-12.124750721052632,0.7326565631578947,-1.7634889000000002,0.014972284210526316,0.0,-2.6398243
198,P,-2.343137436842105,-13.90406174736842,-0.7216164368421053,-1.6508203,0.016933194736842103,0.0,-2.959050157894737
199,S,-1.444425305263158,-9.876358805263157,-0.669255205263158,-1.5246189,0.017600731578947367,0.0,-1.9936185526315788
200,S,-1.7050880631578949,-7.877949631578947,-0.669255205263158,-1.2445426,0.016540057894736844,0.0,-1.410890652631579
201,S,-0.2605778368421053,-7.406033478947369,-0.669255205263158,-1.1583516,0.017690105263157892,0.0,-1.300106952631579
202,D,-1.7223798105263157,-3.186170715789474,1.2102503,-0.9101483999999999,0.016974278947368422,0.0,-0.7145118947368421
203,E,-3.092228010526316,-7.800355310526316,1.0919526894736842,-1.4073668,0.017978747368421054,0.0,-1.3378773
204,Q,-3.200997042105263,-12.9920243,-0.33957332631578946,-1.5372732,0.016827115789473684,0.0,-2.445843152631579
205,Q,-0.6804545000000001,-8.61610877368421,-0.33957332631578946,-0.9845419,0.02163815263157895,0.0,-1.2211885684210526
206,S,-1.136045394736842,-6.159387236842105,-0.669255205263158,-0.9985419000000001,0.10019467368421053,0.5263157894736842,-1.116276847368421
207,L,-2.741512905263158,-11.64314094736842,-0.3182409789473684,-1.3778628,0.01722427894736842,0.0,-1.9701408210526317
208,Y,-3.615653952631579,-14.326559931578947,-0.7216164368421053,-1.6139483,0.017522684210526315,0.0,-2.967593194736842
209,S,-0.5238414157894736,-1.9930548473684209,-0.669255205263158,-1.0969342,0.01763361052631579,0.0,-1.0390047736842105
210,N,-0.07011307894736842,-8.725882710526315,-0.3977524894736842,-1.2783102,0.012492678947368422,0.0,-1.4546269947368422
211,G,-0.7733689631578947,-3.1364977473684212,-0.6711945052631579,-1.1135169,0.02038521052631579,0.0,-1.092721494736842
212,N,-0.6472685052631579,-9.077437573684211,-0.3977524894736842,-1.229326,0.01554081052631579,0.0,-1.457382052631579
213,A,-0.9935016315789473,-11.429835894736842,-0.6188332684210526,-1.6317923,0.014305242105263157,0.0,-2.437805084210526
214,Y,-1.4733170210526314,-11.243344615789473,-0.7216164368421053,-1.5545832,0.017592547368421054,0.0,-2.2414235
215,V,-3.0537120789473686,-11.716077289473684,-0.304665847368421,-1.8134141999999998,0.01850214736842105,0.0,-2.8961919157894735
216,S,-1.0872923368421052,-11.015500310526315,-0.669255205263158,-1.7399885,0.015283047368421053,0.0,-2.615118557894737
217,V,-3.1985614210526316,-12.62493637368421,-0.304665847368421,-1.8440494,0.01799293157894737,0.0,-3.1349092
218,A,-0.8119233421052631,-4.220523221052631,-0.6188332684210526,-1.7410055,0.015062973684210527,0.0,-2.0796428315789477
219,S,-1.921458584210526,-10.464543068421053,-0.669255205263158,-1.7732156,0.017083205263157895,0.0,-2.6290570368421053
220,S,0.019959621052631597,-11.655044705263157,-0.669255205263158,-1.5966443,0.03176257894736842,0.10526315789473684,-2.376810121052632
221,N,-0.7601293789473684,-8.772657521052631,-0.3977524894736842,-1.6744345,0.020570547368421052,0.05263157894736842,-2.1386005368421053
222,Y,-1.6737818842105263,-11.390702078947369,-0.7216164368421053,-1.8185026,0.015716110526315788,0.0,-2.8849574157894735
223,N,-0.7712200894736841,-9.578791247368422,-0.3977524894736842,-1.763033,0.01755005789473684,0.0,-2.4354485631578946
224,R,-1.1590381736842106,-9.27587694736842,2.8329239736842107,-1.7691695,0.018113905263157894,0.0,-2.026250710526316
225,R,-2.020481989473684,-10.726284310526315,2.8329239736842107,-1.6109096,0.0172865,0.0,-1.8307610736842106
226,F,-1.4425626947368422,-11.734664768421052,-0.196064752631579,-1.8413399999999998,0.016212273684210528,0.0,-2.9572553368421053
227,T,-0.6539835263157895,-9.41863442105263,-0.7002840789473684,-1.5845675,0.019636226315789474,0.0,-2.0705907315789474
228,P,-1.8312686999999999,-13.075283342105264,-0.7216164368421053,-1.698984,0.016716436842105265,0.0,-2.8990823157894736
229,E,-0.8962084157894736,-11.251023478947369,1.0919526894736842,-1.6866347999999998,0.016855773684210526,0.0,-2.2622801947368423
230,I,-1.3332526631578947,-12.875341168421052,0.013380184210526365,-1.5035293,0.01956885263157895,0.0,-2.3492210368421054
231,A,-0.5637548368421053,-10.133841752631579,-0.6188332684210526,-1.6610875,0.015526194736842103,0.0,-2.3262168315789475
232,A,0.3655286157894737,-6.779024473684211,-0.6188332684210526,-1.2741352,0.012625426315789473,0.0,-1.3574849157894737
233,R,-2.8101265473684207,-13.353937115789472,2.8329239736842107,-1.7125996,0.018531084210526315,0.0,-2.5209376263157894
234,P,-0.8279073631578947,-12.161477236842105,-0.7216164368421053,-1.5437248,0.03323398947368421,0.10526315789473684,-2.3744084
235,K,-0.34595860526315786,-9.333309784210527,1.6111617684210529,-1.1615526,0.01414878947368421,0.0,-1.1273695631578946
236,V,-0.7717809421052632,-11.150230626315789,-0.304665847368421,-1.516921,0.014603105263157895,0.0,-2.109934294736842
237,R,-0.5042763157894737,-10.738293500000001,2.8329239736842107,-1.3740807,0.013429905263157895,0.0,-1.4287091210526315
238,D,-2.4087728368421053,-8.681560305263158,1.2102503,-1.071907,0.025301005263157896,0.05263157894736842,-1.082914847368421
239,Q,-1.5415321263157893,-11.903667310526316,-0.33957332631578946,-1.4085617,0.017561373684210523,0.0,-2.0315138263157895
240,H,0.1262277157894737,-1.7996479315789473,0.7326565631578947,-1.4490814,0.014840299999999999,0.0,-1.1922149105263158
241,G,-2.8965122,-12.740518326315788,-0.6711945052631579,-1.6720069,0.017416378947368423,0.0,-2.7591380368421055
242,R,-2.8277152105263155,-13.59706262631579,2.8329239736842107,-1.7307435,0.017632310526315788,0.0,-2.6308663578947367
243,M,-3.047416947368421,-11.073142568421053,-0.6110760473684211,-1.8130289999999998,0.01689327894736842,0.0,-2.8352595210526315
244,N,-0.9519901,-10.680423168421052,-0.3977524894736842,-1.8232894999999998,0.01847963157894737,0.0,-2.7460988105263158
245,Y,-3.060867147368421,-12.395284242105262,-0.7216164368421053,-1.870267,0.0182966,0.0,-3.217205284210526
246,Y,-2.750460136842105,-12.452699078947369,-0.7216164368421053,-1.8847844000000002,0.017060626315789473,0.0,-3.280350042105263
247,W,-4.099655963157894,-13.87429395263158,-0.5044142684210526,-1.8800015000000003,0.01824862105263158,0.0,-3.5234389842105265
248,T,-1.291882805263158,-11.6220157,-0.7002840789473684,-1.831256,0.018119594736842104,0.0,-2.965793910526316
249,L,-2.4865541,-11.831336078947368,-0.3182409789473684,-1.7545825999999998,0.017666784210526316,0.0,-2.7616811578947367
250,L,-3.1091419631578945,-11.715865310526317,-0.3182409789473684,-1.7016000999999998,0.01755051052631579,0.0,-2.6070523315789473
251,E,-0.4467565,-9.051338305263158,1.0919526894736842,-1.6137561,0.017946094736842104,0.0,-1.820975357894737
252,P,-2.204056568421053,-10.74009752631579,-0.7216164368421053,-1.3370218,0.01958907894736842,0.05263157894736842,-1.8441558315789472
253,G,-1.5142527894736844,-10.748722089473684,-0.6711945052631579,-1.2571509,0.08709831052631578,0.5263157894736842,-1.7438954684210526
254,D,-1.6957193210526313,-12.151509163157895,1.2102503,-1.6327723,0.046020731578947364,0.15789473684210525,-2.2822368736842105
255,T,-0.7481083421052631,-10.265134789473684,-0.7002840789473684,-1.423441,0.015062557894736843,0.0,-1.884729
256,I,-3.0764400473684206,-12.623629578947368,0.013380184210526365,-1.7521002000000003,0.01830057894736842,0.0,-2.8389396789473684
257,I,-0.5693275,-7.88474185263158,0.013380184210526365,-1.5525821,0.0137874,0.0,-1.752362405263158
258,F,-3.0444048263157897,-12.461737310526317,-0.196064752631579,-1.7779384000000003,0.017795684210526318,0.0,-2.9045530789473686
259,E,-2.3531633894736843,-12.160224394736842,1.0919526894736842,-1.5241128,0.01817452105263158,0.0,-2.0712367315789475
260,A,-2.5841629315789474,-12.060359931578947,-0.6188332684210526,-1.713975,0.01704151052631579,0.0,-2.723310057894737
261,T,-1.943371447368421,-9.178960821052632,-0.7002840789473684,-1.5022335,0.01643584736842105,0.0,-1.8802513736842106
262,G,-3.500186131578947,-14.254215242105264,-0.6711945052631579,-1.7040928999999998,0.01646737894736842,0.0,-3.159393157894737
263,N,-3.5315482,-12.524335036842105,-0.3977524894736842,-1.7801209,0.01698448947368421,0.0,-2.925979210526316
264,L,-2.977953426315789,-12.648934752631579,-0.3182409789473684,-1.7919336999999997,0.017442552631578945,0.0,-3.0109537157894737
265,I,-2.887592031578947,-10.827565421052633,0.013380184210526365,-1.7830278,0.016200700000000002,0.0,-2.6237414263157897
266,A,-2.744048257894737,-11.847748157894737,-0.6188332684210526,-1.7268040999999998,0.017496063157894735,0.0,-2.732279505263158
267,P,-3.3064067473684213,-13.950223557894736,-0.7216164368421053,-1.7679597000000002,0.016701068421052633,0.0,-3.2515813052631577
268,W,-1.2683683421052632,-8.84698487368421,-0.5044142684210526,-1.4429898,0.01894937894736842,0.0,-1.7239838526315787
269,Y,-2.589956263157895,-11.300181847368421,-0.7216164368421053,-1.3845088,0.018074742105263157,0.0,-1.9812532368421052
270,A,-3.3073493157894736,-12.550997063157896,-0.6188332684210526,-1.7045263,0.017200226315789473,0.0,-2.787356868421053
271,F,-2.9993129631578945,-12.483833389473684,-0.196064752631579,-1.6958411,0.017535094736842106,0.0,-2.7020889157894734
272,A,-1.294785357894737,-10.24843557368421,-0.6188332684210526,-1.5207786,0.017505994736842105,0.0,-2.031635094736842
273,L,-2.485519957894737,-11.36589742631579,-0.3182409789473684,-1.7055358000000003,0.017086652631578946,0.0,-2.563650689473684
274,S,-0.7942734315789474,-8.879304589473685,-0.669255205263158,-1.3663303,0.019146157894736844,0.0,-1.6360660473684212
275,R,-2.6672485315789474,-10.547390878947368,2.8329239736842107,-1.6308816,0.01648173157894737,0.0,-1.8519997789473686
276,G,-0.9922326526315789,-9.88537277368421,-0.6711945052631579,-1.4677572,0.016804236842105264,0.0,-1.9080943315789474
277,F,-0.24021846315789475,,-0.196064752631579,-1.3164779,0.019548963157894738,0.0,-1.820604552631579
278,E,-0.36334006842105265,-4.954354715789474,1.0919526894736842,-1.6066726,0.016396731578947367,0.0,-1.5330344578947368
279,S,-1.3114354052631578,-11.99220422631579,-0.669255205263158,-1.7330092999999998,0.016479236842105262,0.0,-2.7371078631578944
280,G,-2.4789110736842104,-11.105777742105264,-0.6711945052631579,-1.8780147999999999,0.017054536842105263,0.0,-3.0275062315789474
281,I,-2.967733247368421,-12.652173557894736,0.013380184210526365,-1.8765341,0.018578915789473682,0.0,-3.190080810526316
282,I,-2.602927763157895,-11.3382613,0.013380184210526365,-1.7907266,0.017863884210526315,0.0,-2.7273839
283,T,-0.9912634368421053,-9.431452421052631,-0.7002840789473684,-1.5715033,0.01787237894736842,0.0,-2.048396963157895
284,S,-3.266044410526316,-12.15802192631579,-0.669255205263158,-1.602783,0.017805515789473685,0.0,-2.4662722631578946
285,N,-1.0483087157894737,-9.77102435263158,-0.3977524894736842,-1.2241041,0.01886992105263158,0.0,-1.5202178157894737
286,A,-0.9681818210526316,-9.590115500000001,-0.6188332684210526,-1.450003,0.02031575789473684,0.0,-1.826449805263158
287,S,-0.991123542105263,-8.975456757894737,-0.669255205263158,-1.1094396,0.019572157894736843,0.0,-1.3970423263157894
288,M,-1.0144203368421052,-8.824786084210526,-0.6110760473684211,-1.3322827,0.01891204210526316,0.0,-1.5796852736842106
289,H,-0.9706768210526315,-8.681974089473684,0.7326565631578947,-1.0797935,0.02083965789473684,0.05263157894736842,-1.1223122842105262
290,E,-1.6242681421052632,-9.236021042105264,1.0919526894736842,-0.9544857000000001,0.018313047368421053,0.0,-1.0927448421052632
291,C,-3.6377385578947368,-13.422493715789475,-0.7177378263157895,-1.3374446,0.016773905263157893,0.0,-2.2997314210526314
292,N,-1.8552990736842105,-9.024344052631578,-0.3977524894736842,-1.1706691,0.01844372105263158,0.0,-1.3951387157894737
293,T,-3.0439258842105263,-10.917002494736842,-0.7002840789473684,-1.5434072,0.017828147368421053,0.0,-2.1741504736842105
294,K,-0.760679352631579,-9.768376731578947,1.6111617684210529,-1.2718538,0.022915268421052633,0.05263157894736842,-1.2999192842105263
295,C,-3.542609247368421,-11.907965363157894,-0.7177378263157895,-1.7802267,0.017334226315789472,0.0,-2.8766787631578947
296,Q,-2.8766425368421054,-11.311350647368421,-0.33957332631578946,-1.7191891999999998,0.017079857894736844,0.0,-2.542025647368421
297,T,-2.7217640315789473,-11.481257047368421,-0.7002840789473684,-1.7543336999999999,0.01784035789473684,0.0,-2.729549210526316
298,P,-2.8454054315789477,-12.178813136842104,-0.7216164368421053,-1.7533299,0.016791263157894736,0.0,-2.8487284
299,Q,-0.0801994105263158,-7.8281320947368425,-0.33957332631578946,-1.454981,0.02107018947368421,0.0,-1.5981117631578947
300,G,-3.435203363157895,-13.600207521052631,-0.6711945052631579,-1.6361604,0.017518773684210526,0.0,-2.8542294210526316
301,A,-3.0641847842105263,-11.875975210526315,-0.6188332684210526,-1.6553463,0.017104684210526314,0.0,-2.567462784210526
302,I,-2.7119674000000003,-11.872112052631579,0.013380184210526365,-1.6660872,0.016873894736842105,0.0,-2.517139542105263
303,N,-0.5030161315789473,-10.687262957894736,-0.3977524894736842,-1.1625366,0.01906966315789474,0.0,-1.580472452631579
304,S,-2.4804742526315793,-10.769871163157895,-0.669255205263158,-1.5277741,0.017091126315789473,0.0,-2.1199934
305,N,-0.9891815526315789,-6.506888610526316,-0.3977524894736842,-1.2610592,0.021353873684210527,0.0,-1.282604547368421
306,L,-1.7378177473684209,-12.012465315789473,-0.3182409789473684,-1.5411057,0.01770104210526316,0.0,-2.301226957894737
307,P,-3.3178353,-14.07524157368421,-0.7216164368421053,-1.736667,0.017669068421052633,0.0,-3.2040982315789477
308,F,-3.2128288421052633,-12.169751,-0.196064752631579,-1.9014487000000002,0.016671247368421054,0.0,-3.2043105052631575
309,Q,-3.631742252631579,-12.989645900000001,-0.33957332631578946,-1.7593162,0.017562210526315788,0.0,-2.9635027736842106
310,N,-2.9222298315789472,-13.225042442105263,-0.3977524894736842,-1.5290538,0.01761751052631579,0.0,-2.4938026
311,I,-2.9438292631578946,-10.74636294736842,0.013380184210526365,-1.6038213,0.017817584210526316,0.0,-2.177035157894737
312,H,-1.9897742,-12.507211115789474,0.7326565631578947,-1.6901984000000003,0.018446742105263158,0.0,-2.5131842210526316
313,P,-2.0211321473684207,-12.783321394736841,-0.7216164368421053,-1.7212669,0.018565226315789475,0.0,-2.890422068421053
314,V,-1.0069372421052631,-9.675794757894737,-0.304665847368421,-1.8118234,0.017395357894736844,0.0,-2.5887395421052632
315,T,-1.7253507,-11.330689757894737,-0.7002840789473684,-1.8657972999999999,0.018272305263157894,0.0,-3.0134363
316,I,-2.9108748578947368,-12.504484447368421,0.013380184210526365,-1.8125414,0.018880526315789473,0.0,-2.9907304999999997
317,G,-3.591705652631579,-14.602695168421052,-0.6711945052631579,-1.6641244,0.017933605263157893,0.0,-3.155864610526316
318,E,-1.3264285526315789,-11.630607478947368,1.0919526894736842,-1.4109526,0.01965331052631579,0.0,-1.8034859210526317
319,C,-3.2690155421052633,-14.151267615789475,-0.7177378263157895,-1.8630188999999997,0.018182326315789473,0.0,-3.5649865368421048
320,P,-3.2653723789473683,-13.990117436842105,-0.7216164368421053,-1.7039208,0.01715037368421053,0.0,-3.1037799842105263
321,K,-1.9083030631578946,-12.082560652631578,1.6111617684210529,-1.8373755999999999,0.017338968421052633,0.0,-2.7288295263157893
322,Y,-3.1222576157894735,-13.253573410526316,-0.7216164368421053,-1.7235313000000003,0.017691078947368422,0.0,-2.986541289473684
323,V,-2.927937552631579,-12.69318917894737,-0.304665847368421,-1.8667922999999997,0.017926752631578946,0.0,-3.210893678947368
324,R,-2.6148338631578945,-10.79530932631579,2.8329239736842107,-1.6717094,0.018317005263157892,0.0,-1.9815148736842103
325,S,-3.057601084210526,-12.216921547368422,-0.669255205263158,-1.8053741,0.017159963157894736,0.0,-2.9816988631578947
326,T,-0.8265688578947369,-8.814640084210525,-0.7002840789473684,-1.3374534,0.017761252631578947,0.0,-1.607481
327,K,-2.3286565894736846,-11.022230905263157,1.6111617684210529,-1.4527051,0.017487836842105264,0.0,-1.7098864315789475
328,L,-3.569647489473684,-14.451722473684208,-0.3182409789473684,-1.8437616,0.01780467894736842,0.0,-3.520651636842105
329,R,-2.8166010684210527,-11.9526014,2.8329239736842107,-1.5247146,0.018289978947368418,0.0,-1.8503385894736843
330,M,-3.1854679157894736,-12.04323087368421,-0.6110760473684211,-1.8634254,0.017909078947368418,0.0,-3.1299953368421054
331,V,-3.0194693684210527,-11.484461089473685,-0.304665847368421,-1.8774483000000002,0.017196747368421052,0.0,-3.0346136052631576
332,T,-3.178371252631579,-12.227982963157894,-0.7002840789473684,-1.6635392,0.017282573684210528,0.0,-2.6291631315789474
333,G,-3.365127110526316,-14.122647889473683,-0.6711945052631579,-1.7820428,0.017391589473684212,0.0,-3.321466231578947
334,L,-3.092647694736842,-12.643647221052632,-0.3182409789473684,-1.7772993999999998,0.01740071052631579,0.0,-2.9544698210526317
335,R,-3.129137147368421,-13.451719242105264,2.8329239736842107,-1.6671068,0.017521573684210524,0.0,-2.4341450315789475
336,N,-3.338756852631579,-12.186838889473684,-0.3977524894736842,-1.4825574,0.017201157894736842,0.0,-2.2079693000000002
337,I,-0.23187831578947365,-10.385891221052631,0.013380184210526365,-1.4746621,0.019618894736842106,0.0,-1.8911644210526317
338,P,-2.0204207684210527,-12.891906752631579,-0.7216164368421053,-1.2257528,0.01776597894736842,0.0,-2.0851737842105265
339,S,-1.041733694736842,-10.919366757894736,-0.669255205263158,-1.2155338,0.019583657894736844,0.0,-1.7054377736842106
340,I,-1.4758933842105264,-10.529875126315789,0.013380184210526365,-0.8382689,0.018457763157894738,0.0,-1.3871564578947368
341,Q,-2.4097042789473684,-11.823321168421051,-0.33957332631578946,-1.3272,0.01782992105263158,0.0,-1.9003916263157894
342,Y,-2.6767817157894735,-2.868859873684211,-0.7216164368421053,-1.3272,0.017408594736842104,0.0,-1.2803795157894737
343,R,-3.096285142105263,-13.934612721052632,2.8329239736842107,-1.3272,0.0175997,0.0,-1.9561964052631577
344,G,-3.1834811842105264,-14.889311805263159,-0.6711945052631579,-1.8161310000000002,0.017651815789473682,0.0,-3.601558552631579
345,L,-2.8246663421052634,-12.841035536842105,-0.3182409789473684,-1.9695074,0.017787694736842104,0.0,-3.547834810526316
346,F,-3.1303142368421053,-13.872376799999998,-0.196064752631579,-1.9551041000000002,0.017173705263157896,0.0,-3.700916278947369
347,G,-1.8405337421052632,-13.605986573684211,-0.6711945052631579,-1.8288458,0.01822297894736842,0.0,-3.3361715210526315
348,A,-3.2391889789473685,-13.483632331578947,-0.6188332684210526,-1.8550278000000002,0.0179195,0.0,-3.371458236842105
349,I,-3.2494401210526314,-13.004422752631578,0.013380184210526365,-1.8274459,0.017313757894736843,0.0,-3.112735257894737
350,A,-3.038089968421053,-13.767057063157896,-0.6188332684210526,-1.5916688,0.018080457894736845,0.0,-2.7860393684210525
351,G,-3.4184718157894736,-14.250585310526315,-0.6711945052631579,-1.610562,0.017176047368421054,0.0,-2.944743736842105
352,F,-3.647566773684211,-14.036474594736843,-0.196064752631579,-1.6813611,0.017087973684210528,0.0,-2.9925555631578944
353,I,-3.2030364157894735,-13.143632468421053,0.013380184210526365,-1.68348,0.016903973684210528,0.0,-2.771269036842105
354,E,-3.1961235,-13.566252694736841,1.0919526894736842,-1.1887829,0.016921115789473685,0.0,-1.9036864157894737
355,G,-3.6135966052631576,-13.523354621052633,-0.6711945052631579,-1.5093185,0.017905736842105262,0.0,-2.588746942105263
356,G,-3.5968379,-14.107989815789473,-0.6711945052631579,-1.5994431,0.017071584210526316,0.0,-2.887114510526316
357,W,-3.7270305,-13.967888447368422,-0.5044142684210526,-1.4658831,0.018049463157894737,0.0,-2.585078015789474
358,T,-2.067560542105263,-11.464140252631578,-0.7002840789473684,-1.1450826,0.018460105263157896,0.0,-1.7364051315789475
359,G,-2.9884124631578945,-14.099677468421055,-0.6711945052631579,-1.1382653,0.01838001052631579,0.0,-2.2672005105263158
360,M,-3.3514773000000004,-12.096756184210527,-0.6110760473684211,-1.4834749,0.018638857894736842,0.0,-2.260386805263158
361,I,-1.7852676842105262,-10.828858073684211,0.013380184210526365,-1.0306812,0.020618731578947367,0.0,-1.4995947105263159
362,D,-3.195501647368421,-12.192399563157895,1.2102503,-1.1181974,0.01703876842105263,0.0,-1.5753285631578946
363,G,-3.1464829368421054,-15.152016105263158,-0.6711945052631579,-1.4838873,0.017002299999999998,0.0,-2.9209011684210524
364,W,-3.2778452894736843,-14.731563578947368,-0.5044142684210526,-1.6776544,0.017204536842105263,0.0,-3.1955193894736844
365,Y,-3.1996552157894733,-13.677309015789476,-0.7216164368421053,-1.7793937,0.017777163157894738,0.0,-3.223833594736842
366,G,-3.1686858421052633,-14.489650999999999,-0.6711945052631579,-1.5896883,0.017054047368421053,0.0,-2.9528225368421053
367,Y,-3.1123470105263156,-13.795130657894736,-0.7216164368421053,-1.5067743,0.017322984210526315,0.0,-2.650404157894737
368,H,-2.2014387842105263,-11.645407615789473,0.7326565631578947,-1.2522942,0.018259868421052632,0.0,-1.6532271842105262
369,H,-1.5869178789473686,-12.932673084210526,0.7326565631578947,-1.2136669,0.016618689473684212,0.0,-1.849230005263158
370,Q,-0.8881722421052631,-10.9995278,-0.33957332631578946,-0.9976670000000001,0.01960556842105263,0.0,-1.5267309473684212
371,N,-3.4129407157894738,-13.875877015789474,-0.3977524894736842,-1.1344483,0.017223310526315788,0.0,-2.1435089210526317
372,E,-2.317553110526316,-11.02060675263158,1.0919526894736842,-0.8609612999999999,0.01725998947368421,0.0,-1.293995052631579
373,Q,-2.406909252631579,-13.210276394736843,-0.33957332631578946,-0.8512072000000002,0.01735476842105263,0.0,-1.8647428789473683
374,G,-3.5244971210526317,-15.961691163157896,-0.6711945052631579,-0.8668997,0.017285257894736842,0.0,-2.601302894736842
375,S,-1.694339505263158,-11.773071947368422,-0.669255205263158,-1.0058199,0.017776515789473684,0.0,-1.706216
376,G,-2.2267559736842104,-14.815334605263157,-0.6711945052631579,-1.0806907,0.017796221052631577,0.0,-2.3929351315789473
377,Y,-3.4980332052631575,-12.21358385263158,-0.7216164368421053,-1.2411799,0.01756702105263158,0.0,-1.970488947368421
378,A,-2.773185926315789,-14.116501978947369,-0.6188332684210526,-1.2394928,0.017518226315789472,0.0,-2.3522295736842107
379,A,-3.652751942105263,-14.34696620526316,-0.6188332684210526,-1.4659681,0.017484963157894738,0.0,-2.6838862
380,D,-3.411710342105263,-13.918034263157896,1.2102503,-1.4891503,0.017281268421052633,0.0,-2.343127331578947
381,Q,-1.2757794631578947,-10.765595468421052,-0.33957332631578946,-1.1358283,0.02076741052631579,0.0,-1.5927833263157896
382,K,-1.1240014315789473,-11.106467210526315,1.6111617684210529,-1.2118168,0.017313715789473685,0.0,-1.4395774947368423
383,S,-2.5779437684210524,-13.717718147368421,-0.669255205263158,-1.6432186,0.017586531578947368,0.0,-2.8840817315789473
384,T,-3.3847358631578945,-14.915163710526315,-0.7002840789473684,-1.5640194,0.018735942105263158,0.0,-3.007343347368421
385,Q,-2.9056217578947368,-14.896027573684211,-0.33957332631578946,-1.2398526,0.017225115789473684,0.0,-2.466209463157895
386,N,-0.6206040894736842,-9.569460605263158,-0.3977524894736842,-1.506788,0.016013605263157895,0.0,-1.8683968
387,A,-3.3126789000000003,-14.14046562631579,-0.6188332684210526,-1.7496230000000002,0.017270352631578948,0.0,-3.237116794736842
388,I,-2.8247370789473685,-12.383233994736841,0.013380184210526365,-1.425307,0.017502915789473685,0.0,-2.1361691736842103
389,N,-1.6617454263157896,-10.950724068421053,-0.3977524894736842,-1.3364892,0.02114405263157895,0.05263157894736842,-1.7968825315789474
390,G,-0.12045233684210527,-10.125186342105263,-0.6711945052631579,-1.6894253000000001,0.020480463157894736,0.0,-2.384611510526316
391,I,-2.9317702263157894,-12.893022721052631,0.013380184210526365,-1.7938446,0.017826505263157894,0.0,-3.004684315789474
392,T,-1.8338082421052633,-11.684233010526315,-0.7002840789473684,-1.4110159,0.01856177894736842,0.0,-2.078059505263158
393,N,-2.1880571157894737,-12.191888736842104,-0.3977524894736842,-1.6006805,0.01730454736842105,0.0,-2.4383303210526313
394,K,-2.9406837263157892,-13.700206868421052,1.6111617684210529,-1.9064247,0.017020384210526315,0.0,-3.252960042105263
395,V,-2.954055605263158,-12.511661536842105,-0.304665847368421,-1.6744893,0.01748241052631579,0.0,-2.6799545263157896
396,N,-2.511276963157895,-14.102543578947369,-0.3977524894736842,-1.4167398,0.016762284210526314,0.0,-2.4948399526315788
397,S,-1.5655638,-10.379792215789474,-0.669255205263158,-1.7373765,0.016787721052631578,0.0,-2.5087171789473683
398,V,-2.5598019789473683,-11.11196997368421,-0.304665847368421,-1.8543747,0.017892431578947366,0.0,-2.913087821052631
399,I,-3.080531910526316,-13.040584547368422,0.013380184210526365,-1.589161,0.016425152631578947,0.0,-2.5414152
400,E,-1.732685757894737,-11.434745705263158,1.0919526894736842,-1.5381288,0.016535847368421053,0.0,-1.9890525736842104
401,K,-1.868401389473684,-13.171583321052632,1.6111617684210529,-1.7809847000000003,0.01702812105263158,0.0,-2.7884068263157893
402,M,-2.472596894736842,-12.538002431578947,-0.6110760473684211,-1.8290012,0.01851371052631579,0.0,-3.118165863157895
403,N,-1.7818974210526317,-13.423014747368422,-0.3977524894736842,-1.6035867,0.018455778947368422,0.0,-2.6816078368421055
404,T,-0.6543616947368421,-9.5067665,-0.7002840789473684,-1.4911994,0.01886367894736842,0.0,-1.8810449526315791
405,Q,-2.0933944684210526,-13.265825447368421,-0.33957332631578946,-1.8177979,0.017752063157894737,0.0,-3.1678626157894736
406,F,-1.864502594736842,-13.948535131578948,-0.196064752631579,-1.5069025,0.017203457894736842,0.0,-2.6108939578947368
407,T,-1.060325452631579,-10.596674552631578,-0.7002840789473684,-1.7761604000000002,0.018065947368421053,0.0,-2.654985257894737
408,A,-0.5314782157894736,-10.045338242105263,-0.6188332684210526,-1.8133995999999997,0.019181763157894736,0.0,-2.6849774473684214
409,V,-1.4357512894736841,-12.457903110526317,-0.304665847368421,-1.8625403999999999,0.017420052631578947,0.0,-3.166803652631579
410,G,-1.1873250894736842,-10.212183205263157,-0.6711945052631579,-1.7864354000000002,0.018904768421052633,0.0,-2.643229847368421
411,K,-1.6722072789473683,-12.301897215789474,1.6111617684210529,-1.8953155999999998,0.016668042105263157,0.0,-2.9356385315789475
412,E,-0.3410418,-14.743273915789473,1.0919526894736842,-1.7569406,0.01543241052631579,0.0,-3.1419540684210525
413,F,-2.990629242105263,-14.95008674736842,-0.196064752631579,-1.8912984,0.017245026315789475,0.0,-3.770375621052631
414,N,-2.352116594736842,-11.518164694736843,-0.3977524894736842,-1.8451833,0.018899405263157892,0.0,-2.9301920947368423
415,N,-0.37481419473684213,-8.3072356,-0.3977524894736842,-1.7168998999999998,0.016263115789473682,0.0,-2.2022464894736844
416,L,-2.078735542105263,-12.640054457894738,-0.3182409789473684,-1.8322671999999998,0.01771257894736842,0.0,-3.0995134684210526
417,E,-2.8859381368421055,-13.905959063157896,1.0919526894736842,-1.9077697999999998,0.017508547368421053,0.0,-3.3629654157894735
418,K,-2.1954888263157897,-10.223808142105264,1.6111617684210529,-1.7708953,0.017208057894736842,0.0,-2.268350636842105
419,R,-2.5702951052631575,-13.981136263157895,2.8329239736842107,-1.9326350000000003,0.018156015789473685,0.0,-3.273694594736842
420,M,-2.1286157526315788,-10.420532868421054,-0.6110760473684211,-1.9505138000000002,0.018514705263157894,0.0,-3.1553547210526314
421,E,-1.755748536842105,-11.507643557894736,1.0919526894736842,-1.7427185999999997,0.017278273684210525,0.0,-2.448232405263158
422,N,-2.021163189473684,-11.82597080526316,-0.3977524894736842,-1.8066646,0.017708757894736842,0.0,-2.8602493315789475
423,L,-2.729324,-13.185009078947369,-0.3182409789473684,-1.9900246,0.017224073684210525,0.0,-3.6856480421052633
424,N,-2.270484015789474,-13.655464863157896,-0.3977524894736842,-1.9241595,0.019076894736842105,0.0,-3.5717582789473687
425,K,-2.422845357894737,-11.995745515789475,1.6111617684210529,-1.7132695,0.016591631578947368,0.0,-2.400047847368421
426,K,-2.956330057894737,-11.707560010526317,1.6111617684210529,-1.9045982999999997,0.016888226315789474,0.0,-2.8576931578947367
427,V,-2.3411215315789473,-12.763287031578948,-0.304665847368421,-2.0100554,0.0185448,0.0,-3.681708389473684
428,D,-2.5186273736842106,-13.013197105263158,1.2102503,-1.8630021999999997,0.016880963157894734,0.0,-3.035238947368421
429,D,-2.539300405263158,-15.274878615789472,1.2102503,-1.721246,0.017213857894736843,0.0,-3.168039505263158
430,G,-2.917238936842105,-12.896191378947368,-0.6711945052631579,-1.9274299,0.01732451052631579,0.0,-3.4756255263157896
431,F,-2.864116352631579,-12.7190378,-0.196064752631579,-1.9804853999999998,0.017108884210526316,0.0,-3.555965421052632
432,L,-1.8901583210526316,-11.287364457894736,-0.3182409789473684,-1.8046114,0.016654199999999997,0.0,-2.7988478
433,D,-2.257664910526316,-13.796600657894736,1.2102503,-1.8094076999999997,0.017618594736842106,0.0,-3.059714347368421
434,I,-2.6798923210526318,-11.73141704736842,0.013380184210526365,-1.9892012,0.016924684210526314,0.0,-3.370729010526316
435,W,-3.1118615631578948,-14.747390889473685,-0.5044142684210526,-1.9269919,0.018259957894736844,0.0,-3.866053510526316
436,T,-2.7133894210526313,-13.611073042105264,-0.7002840789473684,-1.8243321,0.016810294736842105,0.0,-3.3242983578947367
437,Y,-2.638741457894737,-14.049617747368421,-0.7216164368421053,-1.9161446,0.01737481052631579,0.0,-3.6990638052631577
438,N,-2.423512747368421,-14.500210084210527,-0.3977524894736842,-1.9591639,0.01907164210526316,0.0,-3.867139
439,A,-2.2065350157894734,-13.377372663157894,-0.6188332684210526,-1.9436944,0.017622373684210525,0.0,-3.621416436842105
440,E,-3.1524654157894734,-14.247396063157895,1.0919526894736842,-1.780323,0.01723398947368421,0.0,-3.0857007157894736
441,L,-2.3674909578947365,-13.019190110526317,-0.3182409789473684,-1.910339,0.0173867,0.0,-3.4209430157894736
442,L,-2.029115268421053,-13.523806252631578,-0.3182409789473684,-1.9239384,0.019022473684210527,0.0,-3.544274815789474
443,V,-2.3283704105263157,-12.108347036842105,-0.304665847368421,-1.8625410999999998,0.0171979,0.0,-3.0972789368421054
444,L,-3.1464337578947372,-13.576263105263159,-0.3182409789473684,-1.8117136,0.01652751052631579,0.0,-3.238126010526316
445,L,-1.9540362315789472,-13.224805942105263,-0.3182409789473684,-1.9250981,0.017783394736842106,0.0,-3.4967530736842103
446,E,-2.857011863157895,-14.107714199999998,1.0919526894736842,-1.9451872,0.017116778947368422,0.0,-3.525019436842105
447,N,-2.9484659736842107,-14.67659139473684,-0.3977524894736842,-1.87666,0.01866256842105263,0.0,-3.6656174210526316
448,E,-2.2166761736842107,-13.128822057894737,1.0919526894736842,-1.9197204999999997,0.017653426315789474,0.0,-3.247681710526316
449,R,-2.5840284631578947,-11.86410107368421,2.8329239736842107,-1.9319303000000003,0.01756958947368421,0.0,-2.8491028263157894
450,T,-3.110136789473684,-14.441537926315789,-0.7002840789473684,-1.9016459,0.01727106842105263,0.0,-3.740700431578947
451,L,-2.926590347368421,-13.52175742631579,-0.3182409789473684,-1.8451493999999997,0.017547610526315788,0.0,-3.3136527684210524
452,D,-2.2953907736842103,-13.768418468421054,1.2102503,-1.9368452,0.017687494736842103,0.0,-3.4181181263157896
453,F,-2.5575407315789476,-11.020804652631579,-0.196064752631579,-1.8699062,0.016325799999999998,0.0,-2.9272320736842103
454,H,-2.8281269,-13.960492968421052,0.7326565631578947,-1.8654220999999997,0.017340805263157896,0.0,-3.2953009210526316
455,D,-1.9730410210526317,-13.573093136842104,1.2102503,-1.9127449000000003,0.016158894736842105,0.0,-3.2954373631578946
456,L,-0.9626556947368421,-6.597070910526315,-0.3182409789473684,-1.9320289,0.018737926315789473,0.0,-2.6808924631578948
457,N,-2.823442710526316,-12.969241510526317,-0.3977524894736842,-1.8274836,0.017471668421052633,0.0,-3.139268294736842
458,V,-2.523728810526316,-12.879177394736843,-0.304665847368421,-1.8074716,0.017700999999999998,0.0,-3.081924842105263
459,K,-2.381192952631579,-11.059333236842106,1.6111617684210529,-1.7615965000000002,0.016637236842105264,0.0,-2.3583293842105264
460,N,-1.4686788631578949,-10.534976994736843,-0.3977524894736842,-1.7732843999999999,0.01730831052631579,0.0,-2.595187605263158
461,L,-2.6558130789473684,-12.773161842105264,-0.3182409789473684,-1.6508507,0.01638138947368421,0.0,-2.6615667894736843
462,Y,-2.8598719947368423,-13.927860278947369,-0.7216164368421053,-1.6462327,0.017000684210526317,0.0,-2.9488728
463,E,-1.5433946421052631,-12.101619678947367,1.0919526894736842,-1.6031377,0.017364805263157895,0.0,-2.224332052631579
464,K,-1.8263771789473684,-12.151265052631578,1.6111617684210529,-1.434726,0.017426815789473683,0.0,-1.8663237894736842
465,V,-2.3720905736842104,-12.351851021052632,-0.304665847368421,-1.5374302,0.017309315789473683,0.0,-2.3665122315789473
466,K,-2.031628068421053,-11.97250657368421,1.6111617684210529,-1.4697053,0.017686294736842106,0.0,-1.8836730052631578
467,S,-0.9488153526315789,-8.321520994736842,-0.669255205263158,-1.3987365,0.01618621052631579,0.0,-1.629397847368421
468,Q,-1.245989910526316,-12.246065442105262,-0.33957332631578946,-1.3486279,0.018687042105263157,0.0,-2.0084021526315787
469,L,-2.741357852631579,-13.193813631578948,-0.3182409789473684,-1.4074926,0.01657785789473684,0.0,-2.286900547368421
470,K,-1.0865975421052632,-10.22738745263158,1.6111617684210529,-1.1935852,0.017822315789473683,0.0,-1.2813485263157893
471,N,-1.5337129631578947,-10.900410542105263,-0.3977524894736842,-0.9994083,0.017291478947368422,0.0,-1.5175624421052631
472,N,-2.8779483210526315,-14.495913236842105,-0.3977524894736842,-1.0806412,0.01786425263157895,0.0,-2.259466484210526
473,A,-2.6511026578947368,-13.865432842105262,-0.6188332684210526,-1.258804,0.01741517894736842,0.0,-2.3041316052631577
474,K,-0.5987921894736842,-11.658943905263158,1.6111617684210529,-1.0695994,0.017793805263157894,0.0,-1.4121804210526314
475,E,-2.294560963157895,-13.873748473684211,1.0919526894736842,-1.4101246,0.017049431578947366,0.0,-2.2318808000000003
476,I,-0.8702112736842106,-10.379203678947368,0.013380184210526365,-1.2054896,0.017628336842105262,0.0,-1.5465535684210527
477,G,-2.2769504736842108,-14.280883831578947,-0.6711945052631579,-1.2631247,0.017647405263157896,0.0,-2.402687652631579
478,N,-2.2245715842105263,-12.622395405263157,-0.3977524894736842,-1.4385232,0.01748681052631579,0.0,-2.221785889473684
479,G,-2.3412823,-14.340394315789473,-0.6711945052631579,-1.6172455,0.017968984210526315,0.0,-2.9719740210526315
480,C,-2.826197510526316,-14.404454915789476,-0.7177378263157895,-1.4558778,0.017514468421052632,0.0,-2.6898414736842104
481,F,-2.423958705263158,-14.390212489473685,-0.196064752631579,-1.4869581,0.017045394736842107,0.0,-2.673784205263158
482,E,-1.2112900421052633,-13.877844878947368,1.0919526894736842,-1.0490599,0.01673458947368421,0.0,-1.889208315789474
483,F,-2.5790371210526315,-13.835463368421053,-0.196064752631579,-1.3146582,0.017054594736842104,0.0,-2.310884847368421
484,Y,-1.9402563526315788,-13.3868408,-0.7216164368421053,-0.9431405999999999,0.019748147368421055,0.0,-2.0072290578947367
485,H,-2.509198810526316,-14.731180600000002,0.7326565631578947,-1.0092131,0.01703182105263158,0.0,-2.1069685052631577
486,K,-1.015525742105263,-12.78276814736842,1.6111617684210529,-0.8406817,0.019229384210526317,0.0,-1.5211681789473683
487,C,-2.962158710526316,-14.329159363157894,-0.7177378263157895,-1.2630333,0.017445426315789474,0.0,-2.428816468421053
488,D,-2.0730189684210525,-11.72856127368421,1.2102503,-0.8915788999999998,0.017390573684210528,0.0,-1.3939933578947368
489,N,-2.690424047368421,-11.721809442105263,-0.3977524894736842,-1.0340545,0.017166336842105265,0.0,-1.6736407736842107
490,E,-0.4841517052631579,-8.35918095263158,1.0919526894736842,-0.8189846,0.01774224736842105,0.0,-0.9489676052631579
491,C,-2.6448138736842104,-14.564791715789475,-0.7177378263157895,-1.1824134,0.016818042105263158,0.0,-2.4071166210526314
492,M,-2.7299093263157896,-12.965243315789474,-0.6110760473684211,-1.3080782,0.018821447368421052,0.0,-2.176587236842105
493,E,-1.086191694736842,-11.19399802631579,1.0919526894736842,-1.0685873,0.019655015789473682,0.0,-1.403869452631579
494,S,-1.5376213157894738,-12.774742347368422,-0.669255205263158,-1.1708687,0.018253121052631577,0.0,-1.9925619736842104
495,V,-2.529918931578947,-13.127451668421052,-0.304665847368421,-1.4155151,0.01635775263157895,0.0,-2.302900631578947
496,R,-2.3411038315789474,-10.531521784210527,2.8329239736842107,-1.2785166,0.01780352105263158,0.0,-1.2799096578947369
497,N,-0.17943806315789476,-12.044037142105264,-0.3977524894736842,-1.1382885,0.01585497894736842,0.0,-1.7836301736842106
498,G,-1.964727157894737,-13.516489836842105,-0.6711945052631579,-1.2933913,0.017400042105263157,0.0,-2.2780196
499,T,-0.16422158421052632,-13.758570578947369,-0.7002840789473684,-1.0763579,0.01812717894736842,0.0,-2.1449313210526317
500,Y,-2.697219105263158,-14.072947910526317,-0.7216164368421053,-1.2410634,0.0175167,0.0,-2.3368983684210525
501,D,-0.7944647578947368,-11.693037478947367,1.2102503,-0.9577489,0.015691431578947368,0.0,-1.4211080789473685
502,Y,-1.4211449157894738,-13.025761294736842,-0.7216164368421053,-0.8270448,0.0189235,0.0,-1.8870431736842106
503,P,-0.7909540052631578,-10.482155910526316,-0.7216164368421053,-1.0272369,0.01840785789473684,0.0,-1.5314295105263158
504,K,-1.0897733315789473,-10.951745605263158,1.6111617684210529,,0.017509915789473685,0.0,-1.8246148315789477
505,Y,-2.341040089473684,-13.692299315789473,-0.7216164368421053,,0.018083731578947368,0.0,-2.6582362631578946
506,S,-0.499684105263158,-10.60932422631579,-0.669255205263158,,0.018309536842105262,0.0,-2.079548715789474
507,E,-0.5190613421052631,-10.559732868421053,1.0919526894736842,,0.019778036842105263,0.05263157894736842,-1.8384477894736844
508,E,-1.1043975157894739,-12.547925421052632,1.0919526894736842,,0.017848747368421052,0.0,-2.140175542105263
509,S,-1.3801626263157893,-10.444850531578949,-0.669255205263158,,0.01660636842105263,0.0,-2.0630461894736842
510,K,-0.4521900315789473,-9.661276710526316,1.6111617684210529,,0.01712154736842105,0.0,-1.648767052631579
511,L,-1.1891534157894739,-11.352983631578946,-0.3182409789473684,,0.018665594736842105,0.0,-2.160890336842105
512,N,-0.5098130263157895,-11.254005173684211,-0.3977524894736842,,0.01967303157894737,0.0,-2.137762657894737
513,R,-1.1315680736842106,-13.429054684210527,2.8329239736842107,,0.022428684210526316,0.05263157894736842,-2.1492669842105263
514,E,-1.143691405263158,-10.29879342105263,1.0919526894736842,,0.01854812105263158,0.0,-1.7748520736842104
515,K,-0.5540081578947368,-10.20826482631579,1.6111617684210529,,0.019059000000000003,0.0,-1.7239227894736844
516,I,-2.7800160894736843,-11.510844315789473,0.013380184210526365,,0.018490626315789474,0.0,-2.1500169315789477
517,D,-0.5088562315789474,-10.851840094736842,1.2102503,,0.01833382105263158,0.0,-1.8555873210526315
518,G,-0.2113711052631579,-12.691383105263158,-0.6711945052631579,,0.020727594736842107,0.0,-2.449472063157895
519,V,-2.179546105263158,-12.420545084210527,-0.304665847368421,,0.01704583157894737,0.0,-2.358481652631579
520,K,-0.6885016789473685,-11.560474284210526,1.6111617684210529,,0.018317768421052632,0.0,-1.9282671894736843
521,L,-1.3552368263157895,-12.890132242105263,-0.3182409789473684,,0.018688805263157894,0.0,-2.433444694736842
522,E,-1.4252595315789474,-10.899690310526315,1.0919526894736842,,0.01832108947368421,0.0,-1.8919635421052632
523,S,-0.716206305263158,-9.880233584210526,-0.669255205263158,,0.01884725789473684,0.0,-1.9785689736842105
524,M,-0.7100144736842106,-9.500822989473685,-0.6110760473684211,,0.01867927894736842,0.0,-1.9529841210526315
525,G,-1.4025983894736842,-9.582392342105262,-0.6711945052631579,,0.01824593157894737,0.0,-1.9773927421052633
526,V,-0.758714494736842,-9.098524884210526,-0.304665847368421,,0.02004617894736842,0.05263157894736842,-1.8719017736842105
527,Y,-1.3465165842105262,-11.334635857894737,-0.7216164368421053,,0.019276105263157896,0.0,-2.212089763157895
528,Q,-0.9082154421052632,-10.327681105263158,-0.33957332631578946,,0.017918273684210527,0.0,-2.0007131421052633
529,I,-1.4350276368421053,-12.933246152631579,0.013380184210526365,,0.017702936842105263,0.0,-2.3969612736842105
530,L,-2.8546883684210527,-12.795299026315789,-0.3182409789473684,,0.017644499999999997,0.0,-2.409431063157895
531,A,-2.667081526315789,-11.881213384210525,-0.6188332684210526,,0.0174512,0.0,-2.3064057368421054
532,I,-1.753609547368421,-12.619528668421053,0.013380184210526365,,0.018020126315789472,0.0,-2.334576284210526
533,Y,-1.8486556315789473,,-0.7216164368421053,,0.018199973684210526,0.0,-2.210486505263158
534,S,-1.8279092105263157,-13.541158931578947,-0.669255205263158,,0.018296794736842103,0.0,-2.613578194736842
535,T,-1.3865636473684209,-12.610156284210527,-0.7002840789473684,,0.016933347368421052,0.0,-2.4307082105263156
536,V,-2.5821340368421053,-11.511085968421053,-0.304665847368421,,0.01838756842105263,0.0,-2.1996344789473685
537,A,-3.0104255105263156,-12.206815963157894,-0.6188332684210526,,0.017115684210526314,0.0,-2.365178463157895
538,S,-2.375778805263158,-13.593529610526318,-0.669255205263158,,0.01842465789473684,0.0,-2.6101125210526313
539,S,-2.7062468736842105,-13.441275194736841,-0.669255205263158,,0.0180594,0.0,-2.5870325052631578
540,L,-1.6505270684210527,-12.07818025263158,-0.3182409789473684,,0.01828716842105263,0.0,-2.2915935052631577
541,V,-1.9735304894736843,-11.487674789473685,-0.304665847368421,,0.018138415789473682,0.0,-2.1860707263157892
542,L,-1.7370214684210525,-11.369073842105264,-0.3182409789473684,,0.018682284210526316,0.0,-2.1740030999999997
543,L,-1.6562415631578946,-10.774601057894737,-0.3182409789473684,,0.017416163157894737,0.0,-2.0829823736842106
544,V,-2.754165084210526,-11.512970947368421,-0.304665847368421,,0.017174963157894737,0.0,-2.1987756684210527
545,S,-2.383658442105263,-11.119854442105263,-0.669255205263158,,0.01601233157894737,0.0,-2.1674095631578947
546,L,-3.1900657947368423,-11.750889868421053,-0.3182409789473684,,0.01768792105263158,0.0,-2.2312517578947366
547,G,-2.959620889473684,-13.43714215263158,-0.6711945052631579,,0.016833963157894736,0.0,-2.614363157894737
548,A,-3.3836121210526313,-12.468709505263158,-0.6188332684210526,,0.016895610526315788,0.0,-2.4099366684210524
549,I,-2.3367814842105266,-10.666328536842105,0.013380184210526365,,0.01834207894736842,0.0,-2.028224347368421
550,S,-1.4211049157894735,-10.616358084210527,-0.669255205263158,,0.016903942105263157,0.0,-2.1000536684210527
551,F,-1.4853988947368422,-12.586164947368422,-0.196064752631579,,0.016797815789473685,0.0,-2.3723033684210524
552,W,-2.0799102315789475,-13.128231047368422,-0.5044142684210526,,0.019000268421052634,0.0,-2.5059921842105264
553,M,-2.172130889473684,-12.8601049,-0.6110760473684211,,0.018681436842105263,0.0,-2.4675429894736842
554,C,-1.9198013947368422,-12.922658194736842,-0.7177378263157895,,0.017978384210526315,0.0,-2.491114884210526
555,S,-1.0357619684210526,-12.277224289473684,-0.669255205263158,,0.020101536842105264,0.0,-2.3483940315789473
556,N,-1.5745928947368422,-12.98071542631579,-0.3977524894736842,,0.017614126315789472,0.0,-2.4330606210526313
557,G,-2.652588010526316,-13.791184621052633,-0.6711945052631579,,0.017098952631578946,0.0,-2.669135505263158
558,S,-1.839197942105263,-12.556588584210527,-0.669255205263158,,0.019167684210526316,0.0,-2.4013005105263154
559,L,-2.8891102315789476,-12.961201589473683,-0.3182409789473684,,0.017428026315789474,0.0,-2.4448248421052634
560,Q,-2.058637005263158,-12.555842668421052,-0.33957332631578946,,0.017633931578947368,0.0,-2.335659342105263
561,C,-2.1072660315789475,-12.951817489473685,-0.7177378263157895,,0.01800937894736842,0.0,-2.4945788684210526
562,R,-1.6361187789473683,-11.685934936842106,2.8329239736842107,,0.018247194736842103,0.0,-1.8156290157894737
563,I,-2.7398518210526315,-12.425553794736842,0.013380184210526365,,0.01793074210526316,0.0,-2.2933290315789474
564,C,-2.350389542105263,-14.081151021052632,-0.7177378263157895,,0.01765521052631579,0.0,-2.7416684631578945
565,I,-2.430573021052632,-14.531603936842107,0.013380184210526365,,0.017537457894736843,0.0,-2.7555794105263156
