i,wt,hiv_env_replication,fitness_eve,dissimilarity_charge_hydro,accessibility_wcn,max_escape_experiment,is_escape_experiment,evescape
30,A,-0.13931085263157894,-10.788551721052631,-0.6188332684210526,-0.9270818000000001,0.036199747368421055,0.0,-1.3164340684210525
31,E,-0.9332816631578948,-9.830195100000001,1.0919526894736842,-0.7940632,0.03638779473684211,0.0,-0.9583652052631578
32,N,-0.30139171578947366,-13.208256447368422,-0.3977524894736842,-0.9863578000000001,0.03818417368421053,0.0,-1.5238695210526316
33,L,-0.9983232894736842,-14.057427042105264,-0.3182409789473684,-1.1425215,0.03802903684210526,0.0,-1.7181475105263158
34,W,-5.1117468105263155,-19.931355326315792,-0.5044142684210526,-1.1720484,0.03626503684210527,0.0,-2.6368088999999997
35,V,-5.127128110526316,-18.8324328,-0.304665847368421,-1.530569,0.03334405263157895,0.0,-2.94909477368421
36,T,-4.72511917368421,-18.654691936842106,-0.7002840789473684,-1.6088661,0.03185745263157894,0.0,-3.116659863157895
37,V,-5.2942526,-17.203039621052632,-0.304665847368421,-1.7561562,0.03514594210526316,0.0,-3.176034721052632
38,Y,-4.913209594736842,-18.802715115789475,-0.7216164368421053,-1.6492997,0.03716331052631579,0.0,-3.2479451315789474
39,Y,-5.125358178947368,-19.61297345263158,-0.7216164368421053,-1.8883786999999999,0.031193794736842105,0.0,-3.967086515789474
40,G,-5.553544247368421,-18.964701115789474,-0.6711945052631579,-1.8679971,0.03296975789473684,0.0,-3.8001076105263163
41,V,-5.0369585789473685,-18.41392949473684,-0.304665847368421,-1.7847117,0.04033054736842105,0.0,-3.4395716000000003
42,P,-6.022182989473684,-20.34883326842105,-0.7216164368421053,-1.7482484999999999,0.03217883157894737,0.0,-3.757551763157895
43,V,-3.3578380578947367,-17.80561654736842,-0.304665847368421,-1.7212582,0.03392243684210526,0.0,-3.183665205263158
44,W,-4.980656931578947,-19.309034536842105,-0.5044142684210526,-1.7825669999999998,0.037154568421052636,0.0,-3.6170701526315794
45,K,-0.9772032999999999,-14.845094721052632,1.6111617684210529,-1.5492448,0.03496661578947368,0.0,-2.1342070842105265
46,D,-1.855968489473684,-15.564228931578947,1.2102503,-1.457438,0.0435250947368421,0.0,-2.0960482842105264
47,A,-2.2386753105263155,-17.03260174736842,-0.6188332684210526,-1.5648178,0.0413887,0.0,-2.7625972526315787
48,E,0.3299238842105263,-14.672970468421052,1.0919526894736842,-1.5155856,0.03415237368421052,0.0,-2.1318339157894735
49,T,-2.804257489473684,-16.750002636842105,-0.7002840789473684,-1.7800399,0.03828351052631579,0.0,-3.222712147368421
50,T,-1.3947903684210528,-16.49356689473684,-0.7002840789473684,-1.6069446,0.04354224736842105,0.0,-2.790823752631579
51,L,-4.404782131578948,-19.669768336842107,-0.3182409789473684,-1.8649494,0.03754511052631579,0.0,-3.864915642105263
52,F,-2.988929894736842,-19.618322736842106,-0.196064752631579,-1.875872,0.03339892105263158,0.0,-3.8731381894736843
53,C,-5.810192236842106,-19.414327810526316,-0.7177378263157895,-1.9218272,0.03267214736842105,0.0,-4.023810536842105
54,A,-3.2090490631578947,-19.25442987368421,-0.6188332684210526,-1.9274806,0.039660705263157896,0.0,-3.997856368421053
55,S,-1.8769484473684208,-19.1380609,-0.669255205263158,-1.8670851,0.026972784210526315,0.0,-3.8188994263157894
56,D,-0.09379800526315787,-15.970488526315789,1.2102503,-1.5345362,0.026934715789473682,0.0,-2.2945425263157895
57,A,0.3677264,-17.666757063157895,-0.6188332684210526,-1.4379818,0.029528926315789475,0.0,-2.6315487684210526
58,K,0.8492793052631579,-15.871001257894738,1.6111617684210529,-1.2605818,0.03339849473684211,0.0,-1.7870573263157894
59,A,-0.5854097421052632,-15.215763094736841,-0.6188332684210526,-1.6051969,0.04373142631578947,0.0,-2.6280084473684213
60,Y,-0.02958171578947368,-14.963921126315789,-0.7216164368421053,-1.546535,0.03179846315789474,0.0,-2.4709212789473685
61,E,0.6344728789473685,-12.692425889473684,1.0919526894736842,-1.3086484,0.028983099999999998,0.0,-1.595167742105263
62,T,-0.11715893157894737,-11.722565631578947,-0.7002840789473684,-1.4203599,0.035543531578947365,0.0,-1.9530452052631577
63,E,-3.248746352631579,-16.966223815789473,1.0919526894736842,-1.2979871,0.030078905263157894,0.0,-2.0474008736842104
64,K,0.0032201000000000152,-14.108397121052633,1.6111617684210529,-1.3930964,0.03510657894736842,0.0,-1.8059524315789475
65,H,-0.4711507578947369,-19.36473062105263,0.7326565631578947,-1.4939395,0.031177105263157895,0.0,-2.7882853
66,N,-1.3845003578947368,-18.905786821052633,-0.3977524894736842,-1.5799204,0.042966726315789475,0.0,-3.0410343052631577
67,V,-2.1531179736842105,-15.616162126315789,-0.304665847368421,-1.6621001,0.04413036315789474,0.0,-2.748094542105263
68,W,-2.771551510526316,-20.395657463157896,-0.5044142684210526,-1.7652287,0.037132663157894735,0.0,-3.7805783105263155
69,A,-0.975290452631579,-17.742598657894735,-0.6188332684210526,-1.7423476,0.027858015789473684,0.0,-3.270284557894737
70,T,-1.5315318263157893,-19.160113168421052,-0.7002840789473684,-1.7423476,0.033097336842105265,0.0,-3.5158562578947365
71,H,-0.6849638789473684,-16.246087936842105,0.7326565631578947,-1.7194665999999998,0.03624363157894737,0.0,-2.7622328736842108
72,A,-1.4882702105263157,-15.752983031578948,-0.6188332684210526,-1.7963747,0.03407916315789474,0.0,-3.0947963210526317
73,C,-4.82882372631579,-19.755006863157895,-0.7177378263157895,-1.9695763,0.03251383157894736,0.0,-4.218653763157895
74,V,-0.9486261789473683,-18.81824045789474,-0.304665847368421,-1.8995529,0.03315501052631579,0.0,-3.807073736842105
75,P,-2.752672889473684,-19.77246409473684,-0.7216164368421053,-1.7046401,0.032944347368421056,0.0,-3.539245742105263
76,T,-0.06936197894736842,-18.13322814736842,-0.7002840789473684,-1.7401974,0.03127453684210526,0.0,-3.3325512315789476
77,D,-0.41339825789473683,-17.12983335263158,1.2102503,-1.5544873,0.03354291578947368,0.0,-2.4899450684210525
78,P,0.4114533631578947,-19.667756726315787,-0.7216164368421053,-1.4066487,0.034644326315789474,0.0,-2.9268209368421054
79,N,-0.23800698421052627,-13.36966937368421,-0.3977524894736842,-1.3416617,0.04060119473684211,0.0,-1.8914931157894734
80,P,0.21068952631578947,-19.399771284210527,-0.7216164368421053,-1.3963239,0.02694975263157895,0.0,-2.8572403368421053
81,Q,-0.3459539736842105,-15.677610373684212,-0.33957332631578946,-1.4026415,0.03665875789473685,0.0,-2.230828110526316
82,E,-3.2040802789473686,-18.489654857894738,1.0919526894736842,-1.3122925,0.037428289473684206,0.0,-2.3071023368421053
83,I,-0.6670039684210526,-14.176471242105261,0.013380184210526365,-1.5374551,0.039772352631578946,0.0,-2.2810276842105264
84,H,-0.02021181052631579,-11.435306578947369,0.7326565631578947,-1.2820506,0.04085086842105263,0.0,-1.4526310894736842
85,L,-3.8125635421052633,-16.668847005263157,-0.3182409789473684,-1.6349765,0.04165337368421053,0.0,-2.8354259842105263
86,E,-0.27304028947368425,-11.583794857894736,1.0919526894736842,-1.1075565,0.034474584210526314,0.0,-1.269705452631579
87,N,-0.7072449421052631,-17.033123463157896,-0.3977524894736842,-1.1388454,0.04630808947368421,0.0,-2.0737707157894736
88,V,-2.9928256736842105,-17.24795497894737,-0.304665847368421,-1.5360817,0.038898010526315786,0.0,-2.7019434210526314
89,T,-0.03743305789473687,-16.12694603157895,-0.7002840789473684,-1.2718873,0.037549821052631584,0.0,-2.1592692
90,E,-1.2351683,-17.618469852631577,1.0919526894736842,-1.5960296,0.04134644736842105,0.0,-2.6678284
91,E,-0.4004182052631579,-13.179093842105264,1.0919526894736842,-1.265858,0.037202636842105265,0.0,-1.5492565684210526
92,F,-4.434601168421052,-18.53467629473684,-0.196064752631579,-1.6351527,0.038218536842105265,0.0,-3.1008649210526316
93,N,-2.061683352631579,-16.26592176842105,-0.3977524894736842,-1.3530497,0.031021373684210523,0.0,-2.2327570000000003
94,M,-2.7362358736842105,-15.975158684210525,-0.6110760473684211,-1.6073553,0.03302929473684211,0.0,-2.7208518631578946
95,W,-3.8352627105263157,-18.12510537368421,-0.5044142684210526,-1.5044957,0.033973952631578944,0.0,-2.7995024368421055
96,K,-0.5645024842105263,-13.94378532631579,1.6111617684210529,-1.1904497,0.03820023684210526,0.0,-1.5093710157894735
97,N,-3.389122468421053,-17.086770863157895,-0.3977524894736842,-1.631022,0.03423998421052631,0.0,-2.8617856578947367
98,N,-0.28306892631578945,-13.173080278947369,-0.3977524894736842,-1.4838867,0.03909701052631579,0.0,-2.108047752631579
99,M,-4.522266578947369,-18.073892378947367,-0.6110760473684211,-1.7953341999999999,0.03291921578947368,0.0,-3.4571683684210526
100,V,-3.2329744842105264,-16.618221236842103,-0.304665847368421,-1.6568864,0.035413431578947364,0.0,-2.8578030631578946
101,E,-0.9353811947368421,-15.548833952631579,1.0919526894736842,-1.3762756,0.03910594736842105,0.0,-1.9822924263157895
102,Q,-2.015526642105263,-19.44518908421053,-0.33957332631578946,-1.7022624,0.03957297894736842,0.0,-3.4003081473684214
103,M,-3.4685501631578948,-18.33851835789474,-0.6110760473684211,-1.8076799,0.03406123684210526,0.0,-3.5307039789473684
104,H,-2.2317367210526315,-15.419343663157894,0.7326565631578947,-1.6191627,0.0336959,0.0,-2.4388677263157894
105,T,-0.5866164947368421,-13.40924842631579,-0.7002840789473684,-1.4962619,0.03402899473684211,0.0,-2.2098663157894736
106,D,-4.7815273578947375,-18.687225031578947,1.2102503,-1.7285690999999999,0.0345109,0.0,-3.117903247368421
107,I,-2.843905936842105,-16.629532,0.013380184210526365,-1.7587836,0.032757694736842105,0.0,-3.054204010526316
108,I,-0.589358752631579,-14.112638152631579,0.013380184210526365,-1.5646289,0.03521191052631579,0.0,-2.302168094736842
109,S,-0.7122141315789473,-14.866702410526315,-0.669255205263158,-1.530681,0.030684215789473685,0.0,-2.398686536842105
110,L,-3.0532549210526314,-18.017405326315792,-0.3182409789473684,-1.7146351999999998,0.03288921052631579,0.0,-3.205401521052632
111,W,-1.850049557894737,-20.207687231578944,-0.5044142684210526,-1.6968744000000002,0.040714099999999996,0.0,-3.580517289473684
112,D,-1.5025503368421051,-15.975855173684211,1.2102503,-1.461908,0.03248978421052631,0.0,-2.1475266210526316
113,Q,-1.2401856315789475,-15.786347389473685,-0.33957332631578946,-1.5597142,0.039860347368421055,0.0,-2.5146293263157897
114,S,-2.5334806842105264,-15.890711110526315,-0.669255205263158,-1.6858580000000003,0.04118483684210526,0.0,-2.8564831263157897
115,L,-4.00915362631579,-17.869062842105265,-0.3182409789473684,-1.617699,0.042210978947368416,0.0,-2.9591250894736842
116,K,-0.4876131894736842,-12.818920889473684,1.6111617684210529,-1.3972868,0.04608441052631579,0.0,-1.6522648684210526
117,P,-1.9744566894736841,-19.789691484210525,-0.7216164368421053,-1.4888627,0.027822231578947372,0.0,-3.0908114315789477
118,C,-2.856677131578947,-18.92198100526316,-0.7177378263157895,-1.6624911,0.0514404,0.0,-3.2872471526315787
119,V,-2.516903047368421,-17.841254031578945,-0.304665847368421,-1.394841,0.04578322105263158,0.0,-2.538418952631579
120,K,-1.7917802473684212,-11.86868895263158,1.6111617684210529,-1.2863997,0.0878358894736842,0.15789473684210525,-1.4192145157894738
121,L,-5.878668610526316,-16.628907557894735,-0.3182409789473684,-1.549812,0.04014912105263158,0.05263157894736842,-2.637250005263158
122,T,-1.9151532736842107,-17.32787696842105,-0.7002840789473684,-1.1927646,0.05217167368421052,0.05263157894736842,-2.229737242105263
123,P,-0.9494578578947368,-17.08177872631579,-0.7216164368421053,-1.1713511,0.05515260526315789,0.05263157894736842,-2.158763678947368
124,L,-5.081151194736842,-15.530831694736841,-0.3182409789473684,-1.4100271,0.039170605263157895,0.0,-2.2189674000000004
125,C,-5.814776905263158,-17.57426507894737,-0.7177378263157895,-1.3524354,0.035512115789473685,0.0,-2.478354305263158
126,V,-3.8991008736842105,-15.855932589473683,-0.304665847368421,-1.0684596,0.05534271578947368,0.05263157894736842,-1.8558499736842107
127,T,-3.7922187315789473,-14.772074799999999,-0.7002840789473684,-0.9521486000000001,0.048255205263157894,0.0,-1.6839867263157895
128,L,-4.3227759210526315,-15.485914405263157,-0.3182409789473684,-1.2749635,0.03847943157894737,0.0,-2.0191293
129,Q,-0.3450321736842105,-13.060754384210528,-0.33957332631578946,-0.9070815,0.043713047368421055,0.0,-1.4481031631578947
130,C,-5.230344331578947,-14.393983242105264,-0.7177378263157895,-1.3661057,0.03233251578947369,0.0,-2.0722867157894735
131,T,-0.7602519947368421,-10.806923978947369,-0.7002840789473684,-0.9813986,0.03672807368421052,0.0,-1.3517987157894737
132,N,-0.11184687894736842,-10.845699884210527,-0.3977524894736842,-0.9633278,0.03381818421052631,0.0,-1.2924834842105264
133,V,-2.4421074842105264,-9.187914994736841,-0.304665847368421,-1.0054292,0.04144044210526315,0.0,-1.2170454684210525
134,T,1.0557284473684212,-8.309339678947369,-0.7002840789473684,-0.96387,0.02879998947368421,0.0,-1.197904594736842
135,N,-0.17415245789473688,-8.098548631578947,-0.3977524894736842,-0.9722364000000001,0.04375997894736842,0.0,-1.138382152631579
136,N,-0.7157384473684211,-8.99795882631579,-0.3977524894736842,-0.7271331,0.04326074736842105,0.0,-1.0808207210526315
137,I,-0.2639388842105263,,0.013380184210526365,-0.9255515000000001,0.03992653157894737,0.0,-1.6148826315789475
138,T,-0.6288383421052631,,-0.7002840789473684,-0.8138387,0.034789442105263156,0.0,-1.6514351157894736
139,D,0.02208582631578948,-8.468951752631579,1.2102503,-0.7324136,0.04069728947368421,0.0,-0.8271393263157895
140,D,-0.14046937368421053,-8.959903752631579,1.2102503,-0.7796199,0.04653177894736842,0.0,-0.8693004631578948
141,M,-2.9092842526315787,-9.795059994736842,-0.6110760473684211,-0.9745293,0.050118657894736844,0.0,-1.2758890894736843
142,R,-1.0543635368421054,-8.48002345263158,2.8329239736842107,-0.9947173,0.046896847368421056,0.0,-0.784358647368421
143,G,-1.4274428263157894,-9.76506094736842,-0.6711945052631579,-1.1310981,0.046052905263157896,0.0,-1.4197753315789474
144,E,-2.5959143631578945,-11.685756952631579,1.0919526894736842,-1.3607363,0.049735763157894734,0.0,-1.5700780157894738
145,L,-2.4146934315789474,-13.968841905263158,-0.3182409789473684,-1.3984716,0.04456004210526315,0.0,-2.0672006
146,K,-1.725694494736842,-13.01082637368421,1.6111617684210529,-1.2724198,0.04462034210526316,0.0,-1.4872527947368421
147,N,-4.785387968421053,-13.848586563157895,-0.3977524894736842,-1.140878,0.04279272105263158,0.0,-1.6786879157894739
148,C,-5.3197940789473686,-18.36817245263158,-0.7177378263157895,-1.4531097,0.029378247368421054,0.0,-2.769962147368421
149,S,-4.7632191052631585,-15.20031605263158,-0.669255205263158,-1.0811538,0.038002115789473684,0.0,-1.8082160684210529
150,F,-4.1052184315789475,-16.384095473684212,-0.196064752631579,-1.2702569,0.042893826315789474,0.0,-2.1218182105263157
151,N,-1.1112542526315792,-12.885283457894737,-0.3977524894736842,-0.8745316000000001,0.15082143157894737,0.631578947368421,-1.3928629000000001
152,M,-1.9552063,-14.194161831578947,-0.6110760473684211,-1.0654187,0.03911163684210526,0.0,-1.7455123052631578
153,T,-1.804277942105263,-14.513074989473685,-0.7002840789473684,-0.8810804,0.08041651578947367,0.10526315789473684,-1.6202233315789474
154,T,-3.364443,-15.748462605263159,-0.7002840789473684,-0.8741056,0.03802691578947368,0.0,-1.766162505263158
155,E,-1.7988000105263158,-12.709449552631577,1.0919526894736842,-0.8741056,0.03504148947368421,0.0,-1.1692727263157896
156,L,-4.569448521052632,-14.296875668421054,-0.3182409789473684,-0.8741056,0.03885592631578947,0.0,-1.5470637263157894
157,R,0.03933194736842107,-12.334101957894736,2.8329239736842107,-0.8741056,0.14583304736842106,0.5263157894736842,-0.9571128789473683
158,D,-4.494766236842105,-15.103850384210528,1.2102503,-0.8741056,0.041649478947368423,0.0,-1.4060264526315789
159,K,-3.3549247631578947,-14.509894131578948,1.6111617684210529,-0.8741056,0.043942878947368424,0.0,-1.2973390105263156
160,K,0.8695999473684211,-10.482213105263158,1.6111617684210529,-0.8741056,0.08845074736842105,0.21052631578947367,-0.9493941421052631
161,Q,-3.301547357894737,-13.295159615789473,-0.33957332631578946,-0.8741056,0.04280108947368421,0.0,-1.4337369263157895
162,K,-0.3833714842105263,-13.055674363157895,1.6111617684210529,-0.8671309000000001,0.08346479473684211,0.10526315789473684,-1.163295247368421
163,V,-2.720826847368421,-12.501098631578946,-0.304665847368421,-1.1255414,0.041167036842105265,0.0,-1.5594248842105263
164,Y,-1.8610559,-12.573502952631578,-0.7216164368421053,-1.0976641,0.040709615789473685,0.0,-1.5890906368421054
165,S,-3.135762557894737,-16.342299942105264,-0.669255205263158,-1.510507,0.042302031578947366,0.0,-2.5625857578947366
166,L,-2.6843859368421055,-14.709246505263156,-0.3182409789473684,-1.3912809,0.03812655263157895,0.0,-2.1206821894736843
167,F,-4.460451994736842,-16.886632015789473,-0.196064752631579,-1.5287849,0.034924157894736844,0.0,-2.6034129210526316
168,Y,-2.8654089736842105,-15.236612136842107,-0.7216164368421053,-1.5424173,0.04535464736842105,0.0,-2.486228205263158
169,R,-0.7843979789473684,-13.358418342105262,2.8329239736842107,-1.1390345,0.03719060526315789,0.0,-1.2600472368421052
170,L,-2.8471375,-13.026831715789474,-0.3182409789473684,-1.4396921,0.0437331,0.0,-2.0112511105263158
171,D,-4.515540152631579,-18.08588290526316,1.2102503,-1.5820966,0.03256804210526316,0.0,-2.6906611736842105
172,V,-3.6708589684210526,-14.484034457894737,-0.304665847368421,-1.3409368,0.03409641052631579,0.0,-2.030053157894737
173,V,-3.1103725842105265,-13.653854889473683,-0.304665847368421,-1.0913076,0.038575242105263155,0.0,-1.6374561578947369
174,Q,-0.6284171315789474,-13.107545873684211,-0.33957332631578946,-0.8695016999999999,0.03752206315789473,0.0,-1.4271507263157894
175,I,-3.2883017105263157,-13.466834136842106,0.013380184210526365,-0.9598907999999999,0.04153984736842105,0.0,-1.4665313157894737
176,N,-0.9493419157894736,-12.156771652631578,-0.3977524894736842,-0.8214697,0.04034344210526316,0.0,-1.3332434105263158
177,E,0.10318297894736839,-12.177484484210526,1.0919526894736842,-0.8214697,0.03781028947368421,0.0,-1.1369365105263158
178,N,-0.21017945263157892,-11.483771715789473,-0.3977524894736842,-0.8214697,0.03590517368421053,0.0,-1.277955105263158
179,Q,-0.10659988947368422,,-0.33957332631578946,-0.8214697,0.03804587894736842,0.0,-1.5880392105263157
180,G,-0.48561783157894733,,-0.6711945052631579,-0.8214697,0.03681023157894737,0.0,-1.6592928210526317
181,N,-0.537929147368421,,-0.3977524894736842,-0.8214697,0.03844671578947369,0.0,-1.5976777315789472
182,R,-0.3111556052631579,,2.8329239736842107,-0.8214697,0.035860736842105265,0.0,-1.209867957894737
183,S,-0.47619916842105264,,-0.669255205263158,-0.8214697,0.038118068421052635,0.0,-1.6475752789473685
184,N,-0.2626386947368421,,-0.3977524894736842,-0.8214697,0.034786157894736845,0.0,-1.5976777315789472
185,N,-0.20997044736842108,,-0.3977524894736842,-0.8214697,0.04128138947368421,0.0,-1.5976777315789472
186,S,-0.011675826315789473,-12.071623115789475,-0.669255205263158,-0.7227814,0.03311810526315789,0.0,-1.3322358210526317
187,N,0.04669404736842106,-10.485785884210527,-0.3977524894736842,-0.6830486,0.037426773684210525,0.0,-1.1307386473684211
188,K,-0.08341064736842105,-10.528412157894737,1.6111617684210529,-0.7707115,0.044750294736842104,0.0,-0.9221958315789474
189,E,-0.1593589157894737,-10.861116736842106,1.0919526894736842,-0.8345336,0.0437339,0.0,-0.9956022421052632
190,Y,-3.2630977315789473,-16.13203192631579,-0.7216164368421053,-1.0836553,0.03799806842105263,0.0,-1.9571995210526314
191,R,-2.864490947368421,-13.823373257894739,2.8329239736842107,-1.0477317,0.039942110526315786,0.0,-1.2161591684210526
192,L,-3.996962605263158,-16.562594489473682,-0.3182409789473684,-1.4346878,0.0377571,0.0,-2.4192680105263156
193,I,-0.21596234210526316,-14.728335105263158,0.013380184210526365,-1.3604242,0.03447053157894737,0.0,-2.0223753842105263
194,N,-1.4113914157894736,-15.394875026315791,-0.3977524894736842,-1.3219927,0.045521705263157894,0.0,-2.0908553210526315
195,C,-5.3627549684210525,-19.108243615789473,-0.7177378263157895,-1.3845704,0.03520688421052631,0.0,-2.7931039263157897
196,N,-2.5794890105263155,-16.015754784210525,-0.3977524894736842,-1.0459259,0.055965078947368414,0.0,-1.8533419631578947
197,T,-1.8315564578947368,-15.825791536842106,-0.7002840789473684,-0.9705223999999999,0.04302819473684211,0.0,-1.8310927210526315
198,S,-3.610831210526316,-16.45856354736842,-0.669255205263158,-1.3558437,0.04036180526315789,0.0,-2.311658957894737
199,A,-0.6764568210526316,-14.330820136842105,-0.6188332684210526,-1.2954389,0.04187997368421053,0.0,-1.9846755263157896
200,I,-2.6845597684210527,-13.012540510526316,0.013380184210526365,-1.5067066,0.03876947368421053,0.0,-2.096475489473684
201,T,-2.4402304999999997,-15.47974280526316,-0.7002840789473684,-1.5224568,0.050636400000000005,0.05263157894736842,-2.482531942105263
202,Q,-3.424022005263158,-15.75696252631579,-0.33957332631578946,-1.6009619,0.04678619473684211,0.05263157894736842,-2.5897320684210525
203,A,-2.2543879736842105,-14.583580942105264,-0.6188332684210526,-1.7397583,0.047252210526315785,0.0,-2.8388736210526315
204,C,-4.558393736842105,-18.71572845263158,-0.7177378263157895,-1.6314304,0.03656955263157895,0.0,-3.1861521263157897
205,P,-1.3937207157894735,-18.199195594736842,-0.7216164368421053,-1.4965275,0.03756773684210526,0.0,-2.8259415105263157
206,K,-0.8685907684210527,-18.021450931578947,1.6111617684210529,-1.3627928,0.03237568947368421,0.0,-2.232117394736842
207,V,-0.5235639157894737,-14.29241947368421,-0.304665847368421,-1.6625089,0.036316668421052634,0.0,-2.586401047368421
208,S,-1.9524167263157897,-15.07892744736842,-0.669255205263158,-1.6239983,0.041003963157894736,0.0,-2.6295758315789475
209,F,-1.4594784789473685,-17.233792289473683,-0.196064752631579,-1.7496293999999997,0.039309226315789474,0.0,-3.1518824789473685
210,E,-0.25944414736842103,-14.896348821052632,1.0919526894736842,-1.5708077,0.037217968421052634,0.0,-2.2518744578947367
211,P,-2.3434308789473683,-19.776342736842107,-0.7216164368421053,-1.7194190000000003,0.033636,0.0,-3.5776698421052635
212,I,-1.0911389578947368,-18.80916945789474,0.013380184210526365,-1.6880389,0.028132599999999997,0.0,-3.23132837368421
213,P,-1.9408831894736844,-18.64055047368421,-0.7216164368421053,-1.645353,0.0435349052631579,0.0,-3.1991030157894738
214,I,-3.9905955210526316,-17.37770544736842,0.013380184210526365,-1.8286021,0.03232582105263158,0.0,-3.334138105263158
215,H,-1.4890125421052631,-16.08532011578947,0.7326565631578947,-1.7416597,0.030659963157894737,0.0,-2.802304947368421
216,Y,-3.2574121473684214,-17.12743814736842,-0.7216164368421053,-1.8576123,0.034682163157894734,0.0,-3.4760711736842107
217,C,-5.024673447368421,-18.717474073684212,-0.7177378263157895,-1.9854468,0.03702312105263158,0.0,-4.075101436842106
218,A,-3.8357838578947363,-15.904365610526314,-0.6188332684210526,-1.9244041999999997,0.0334863,0.0,-3.4760218894736843
219,P,-4.322699789473685,-19.279910457894736,-0.7216164368421053,-1.8713614999999997,0.03614521578947368,0.0,-3.8633251263157895
220,A,-0.5691073947368421,-18.492565963157894,-0.6188332684210526,-1.9954634,0.041008173684210524,0.0,-4.05338667368421
221,G,-4.9177957368421055,-19.01438308421053,-0.6711945052631579,-1.9317509,0.04006242631578947,0.0,-3.9747614684210526
222,F,-3.6952582842105266,-16.464929168421055,-0.196064752631579,-1.8426867,0.04129283157894737,0.0,-3.2670105736842108
223,A,-3.2487717684210526,-17.5695139,-0.6188332684210526,-1.8795202,0.05299942631578947,0.0,-3.5951133736842107
224,I,-3.907718436842105,-15.293327205263157,0.013380184210526365,-1.8453783999999998,0.03704367368421052,0.0,-3.0977342210526317
225,L,-3.78217652631579,-17.11708787894737,-0.3182409789473684,-1.7805215999999997,0.036857931578947366,0.0,-3.2329502368421053
226,K,-1.297714005263158,-14.82536297894737,1.6111617684210529,-1.6134147,0.03800591578947368,0.0,-2.2576502
227,C,-5.450422194736842,-18.31652570526316,-0.7177378263157895,-1.6730667,0.03413225263157895,0.0,-3.212731305263158
228,K,-0.13869120526315792,-11.716883005263158,1.6111617684210529,-1.4084556,0.035695531578947365,0.0,-1.5820211736842105
229,D,-0.9176135894736843,-14.090330115789474,1.2102503,-1.2676842,0.03473777368421053,0.0,-1.6465004157894736
230,K,-0.6356068052631579,-11.084228536842105,1.6111617684210529,-1.1408461,0.04156548421052632,0.0,-1.200719105263158
231,K,-0.0591373105263158,-9.97711442631579,1.6111617684210529,-1.0864901,0.03810693684210526,0.0,-1.0835622789473685
232,F,-4.039355821052631,-16.72119782105263,-0.196064752631579,-1.5600839,0.03240426842105263,0.0,-2.660149452631579
233,N,0.07208299473684211,-12.628432115789474,-0.3977524894736842,-1.3052761,0.03515862105263158,0.0,-1.7775501263157893
234,G,-4.479652457894737,-18.86126127894737,-0.6711945052631579,-1.5778986,0.03447759473684211,0.0,-3.0941323684210524
235,T,-0.032247421052631585,-13.975273763157894,-0.7002840789473684,-1.337214,0.03856521052631579,0.0,-2.001718505263158
236,G,-4.413686410526316,-17.548449731578945,-0.6711945052631579,-1.2825055,0.03253082105263158,0.0,-2.3831141105263156
237,P,-0.1116798,-12.513570394736842,-0.7216164368421053,-1.2096815,0.037929094736842105,0.0,-1.7039542842105264
238,C,-5.459562726315789,-19.275517178947368,-0.7177378263157895,-1.6043657,0.03401598421052632,0.0,-3.2302457842105263
239,P,0.34555355263157894,-10.077185689473685,-0.7216164368421053,-1.2474502,0.03503499473684211,0.0,-1.575699857894737
240,S,-0.0033852736842105466,-10.782012610526316,-0.669255205263158,-1.3202077,0.04101218421052631,0.0,-1.6990790210526316
241,V,-3.9429858052631577,-16.42753005789474,-0.304665847368421,-1.6312549,0.03793185789473684,0.0,-2.7731329052631577
242,S,-1.809136242105263,-17.266926010526316,-0.669255205263158,-1.5684211,0.036148926315789476,0.0,-2.803681352631579
243,T,-1.6141792421052632,-16.17512534736842,-0.7002840789473684,-1.7899259,0.04591936842105263,0.0,-3.1716876
244,V,-2.4899042052631577,-16.806267347368422,-0.304665847368421,-1.6745037,0.03311624736842105,0.0,-2.9207530263157895
245,Q,-0.8269377368421053,-16.86871732105263,-0.33957332631578946,-1.8152245,0.049457757894736845,0.05263157894736842,-3.2527464263157895
246,C,-5.690837847368421,-18.039020163157897,-0.7177378263157895,-1.9090373999999999,0.03239115263157895,0.0,-3.7449990894736844
247,T,-5.103960089473684,-18.412356752631577,-0.7002840789473684,-1.836466,0.031775884210526316,0.0,-3.609470342105263
248,H,-2.567065947368421,-17.197191057894738,0.7326565631578947,-1.6795397,0.03437925263157895,0.0,-2.815499215789474
249,G,-2.7950097157894738,-18.583302094736844,-0.6711945052631579,-1.692735,0.03707194736842105,0.0,-3.2947914473684214
250,I,-3.7405899368421047,-18.303414789473685,0.013380184210526365,-1.8343370999999997,0.03254598947368421,0.0,-3.500473968421053
251,K,-1.1040158315789474,-15.34375512631579,1.6111617684210529,-1.7121218,0.03988584210526316,0.0,-2.537909347368421
252,P,-2.500015847368421,-20.39593315789474,-0.7216164368421053,-1.811378,0.033273173684210525,0.0,-3.924286657894737
253,V,-1.528619710526316,-15.88810972631579,-0.304665847368421,-1.7702305,0.03259365263157895,0.0,-3.030826942105263
254,V,-2.177599857894737,-14.97552432105263,-0.304665847368421,-1.7490358,0.03141837368421053,0.0,-2.867505805263158
255,S,-3.4106083315789473,-17.80868882105263,-0.669255205263158,-1.8022535999999998,0.033595084210526316,0.0,-3.431641268421053
256,T,-4.43725572631579,-19.204528789473684,-0.7002840789473684,-1.7487759,0.03061703157894737,0.0,-3.5380558157894737
257,Q,-4.370138531578948,-17.504215878947367,-0.33957332631578946,-1.7245897,0.030695605263157896,0.0,-3.1196047
258,L,-4.4740324631578945,-17.923846100000002,-0.3182409789473684,-1.7411702999999998,0.03363581052631579,0.0,-3.2558618263157895
259,L,-3.0768479368421056,-18.344179789473685,-0.3182409789473684,-1.7983037,0.032182184210526314,0.0,-3.4558656789473683
260,L,-3.9508572947368417,-17.50893877368421,-0.3182409789473684,-1.7577926000000001,0.030016947368421053,0.0,-3.236190326315789
261,N,-4.282226394736842,-19.023084747368422,-0.3977524894736842,-1.57501,0.029513063157894738,0.0,-3.0518603947368423
262,G,-3.6905659368421055,-19.21517718421053,-0.6711945052631579,-1.724679,0.0375187052631579,0.0,-3.484804621052631
263,S,-2.419807005263158,-17.127665610526314,-0.669255205263158,-1.6175173,0.03140328947368421,0.0,-2.8845440368421054
264,L,-2.985802810526316,-16.5056859,-0.3182409789473684,-1.4025107,0.0373635,0.0,-2.3534841684210526
265,A,-2.4396147157894736,-15.79740636842105,-0.6188332684210526,-1.4893315,0.03769744736842105,0.0,-2.457590794736842
266,E,-0.7103087473684211,-14.109666057894737,1.0919526894736842,-1.2982456,0.04212332105263158,0.0,-1.7002837315789474
267,E,-0.9446395526315791,-10.441870105263158,1.0919526894736842,-1.0888259,0.034580847368421055,0.0,-1.1915250210526316
268,E,-1.2852247105263157,-12.171477952631578,1.0919526894736842,-1.1071596,0.03876281578947369,0.0,-1.338277842105263
269,V,-2.062808584210526,-14.49715132631579,-0.304665847368421,-1.4344414,0.04013703684210526,0.0,-2.160920947368421
270,M,-1.4781556263157896,-12.130742452631578,-0.6110760473684211,-1.3847106,0.037286415789473684,0.0,-1.907131147368421
271,I,-4.199848668421052,-15.3584396,0.013380184210526365,-1.4341005,0.031741173684210526,0.0,-2.2158298736842106
272,R,-1.3002717210526318,-15.790408484210525,2.8329239736842107,-1.5795227,0.03437168947368421,0.0,-2.1772194842105264
273,S,-2.3052682473684207,-14.645827789473685,-0.669255205263158,-1.3906538,0.0365757,0.0,-2.128840763157895
274,E,-1.845700147368421,-13.580531673684211,1.0919526894736842,-1.2878915,0.03567815263157895,0.0,-1.6515300894736842
275,N,-2.5523363263157894,-14.59745260526316,-0.3977524894736842,-1.0761772,0.04002492631578947,0.0,-1.709385794736842
276,I,-2.017113515789474,-13.674753289473685,0.013380184210526365,-1.2419535,0.03215116842105263,0.0,-1.7439482684210525
277,T,-1.477465763157895,-12.313140589473685,-0.7002840789473684,-0.9160828,0.0395114,0.0,-1.428532394736842
278,N,-2.7423982842105263,-12.302172905263157,-0.3977524894736842,-1.1337916,0.037638636842105264,0.0,-1.553577847368421
279,N,-3.365789210526316,-16.10062389473684,-0.3977524894736842,-1.0499915,0.03557676842105263,0.0,-1.8641724315789474
280,A,-1.8711031684210526,-12.019833178947367,-0.6188332684210526,-1.1483438,0.041937747368421055,0.0,-1.584868905263158
281,K,-1.9338525789473682,-14.548431131578946,1.6111617684210529,-1.2691458,0.033794373684210524,0.0,-1.6353521157894737
282,N,-3.864236778947369,-15.259515063157895,-0.3977524894736842,-1.510344,0.034447373684210525,0.0,-2.4091100052631576
283,I,-3.9170716368421052,-16.068917042105262,0.013380184210526365,-1.4581221,0.03589642105263158,0.0,-2.3439731
284,L,-2.6868170105263154,-16.315032642105265,-0.3182409789473684,-1.6514092,0.03253908947368421,0.0,-2.821083142105263
285,V,-4.866357452631579,-16.454485089473685,-0.304665847368421,-1.5790031,0.037357931578947366,0.0,-2.679729005263158
286,Q,-1.2060203,-15.91175277368421,-0.33957332631578946,-1.6546445,0.03557551578947369,0.0,-2.7407172473684214
287,F,-4.409496078947368,-14.948888605263159,-0.196064752631579,-1.5801413,0.03565067894736842,0.0,-2.4503900210526317
288,N,-0.43192731052631583,-7.875506263157894,-0.3977524894736842,-1.3003439,0.03320611578947369,0.0,-1.4813980631578947
289,T,-0.7196788052631579,-11.157056931578946,-0.7002840789473684,-1.2357387,0.040613042105263154,0.0,-1.646188357894737
290,P,-2.5554404578947367,-12.72599452631579,-0.7216164368421053,-1.3357622,0.034284947368421054,0.0,-1.8871701842105264
291,V,-4.68029237368421,-16.45094252631579,-0.304665847368421,-1.4648128,0.0333202,0.0,-2.455324142105263
292,Q,-0.48482372105263155,-11.190655836842105,-0.33957332631578946,-1.2203604,0.041962768421052635,0.0,-1.544487310526316
293,I,-4.133617721052632,-17.80304915263158,0.013380184210526365,-1.5912974,0.03354771578947369,0.0,-2.8609927578947367
294,N,-0.5455404684210526,-11.615695673684211,-0.3977524894736842,-1.2607818,0.04302116315789474,0.0,-1.6501718631578945
295,C,-5.826817589473684,-19.436948163157894,-0.7177378263157895,-1.6967866,0.03556005789473684,0.0,-3.4652521736842106
296,T,-1.7195281210526316,-11.69764594736842,-0.7002840789473684,-1.3315968,0.04786561052631579,0.0,-1.7979999210526316
297,R,-4.733295868421052,-19.271143863157896,2.8329239736842107,-1.5316127,0.03491882631578947,0.0,-2.630225305263158
298,P,-3.299668505263158,-15.23991757894737,-0.7216164368421053,-1.295704,0.0380455,0.0,-2.0772403578947367
299,N,-1.5692407684210525,-11.998524905263158,-0.3977524894736842,-1.341673,0.046426326315789475,0.0,-1.7534890578947369
300,N,-2.5508507052631577,-15.306258331578945,-0.3977524894736842,-1.1786062,0.04294087894736842,0.0,-1.8780445421052632
301,N,-1.091067152631579,-13.506488984210526,-0.3977524894736842,-1.4995254,0.030652047368421052,0.0,-2.1385346999999997
302,T,-2.9677854157894736,-15.240073105263159,-0.7002840789473684,-1.2389808,0.04302266842105264,0.0,-2.0079040368421053
303,R,-1.8150783631578946,-13.762301405263159,2.8329239736842107,-1.3687538,0.04412592105263158,0.0,-1.5720120157894737
304,K,-2.7742481052631582,-13.949911310526314,1.6111617684210529,-1.2148081,0.04147467894736842,0.0,-1.5239870894736842
305,S,-0.05657936842105263,-14.108791584210525,-0.669255205263158,-1.221832,0.034301021052631574,0.0,-1.8384556368421052
306,I,-3.700504831578948,-14.712097168421053,0.013380184210526365,-1.2541855,0.038841152631578946,0.0,-1.8835135263157896
307,R,-0.22486985263157894,-9.885619784210526,2.8329239736842107,-1.084779,0.04404896842105263,0.0,-0.9547861263157895
308,I,-4.111089773684211,-15.397532231578946,0.013380184210526365,-1.2636107,0.04917717894736842,0.0,-1.9957214631578948
309,G,-3.5509127210526317,-14.841336263157894,-0.6711945052631579,-1.2172167,0.05546580526315789,0.05263157894736842,-1.9271424263157892
310,P,-2.3145875789473687,-15.711011326315788,-0.7216164368421053,-1.2172167,0.05315492631578947,0.05263157894736842,-2.0332257
311,G,-4.716927831578947,-16.525559563157895,-0.6711945052631579,-1.2172167,0.03874184210526316,0.0,-2.1457428210526315
312,Q,-2.244155405263158,-14.293254,-0.33957332631578946,-1.1708228,0.05458377894736842,0.0,-1.7667243105263157
313,A,-0.7221886736842106,-12.888520236842107,-0.6188332684210526,-1.3089446,0.03325192631578947,0.0,-1.8489625105263157
314,F,-5.6424485631578944,-14.955274031578947,-0.196064752631579,-1.508297,0.03804827894736842,0.0,-2.360170894736842
315,Y,-2.5821008631578946,-14.294047484210527,-0.7216164368421053,-1.4931416,0.05220939473684211,0.0,-2.2914753368421055
316,A,-3.023258647368421,-11.979238457894738,-0.6188332684210526,-1.4941446,0.04706478421052631,0.0,-2.058826194736842
317,T,-2.089208363157895,-10.702167726315789,-0.7002840789473684,-1.5752217,0.039794173684210524,0.0,-2.119378336842105
318,G,-1.2262720736842105,-14.1380699,-0.6711945052631579,-1.3967446,0.04488245789473684,0.0,-2.1184213894736845
319,D,-1.2260581578947367,-12.4749036,1.2102503,-1.0887119,0.039360505263157895,0.0,-1.3378576421052633
320,I,-2.353912168421053,-14.479651489473685,0.013380184210526365,-1.3409549,0.05581815789473685,0.0,-1.9494089315789476
321,I,-0.3740048157894737,-13.092855015789473,0.013380184210526365,-1.0335244,0.0454687,0.0,-1.483741647368421
322,G,-4.8382928,-17.292434873684208,-0.6711945052631579,-0.9575049,0.05489403684210526,0.0,-2.034904357894737
323,D,-0.2931294789473684,-12.501164815789474,1.2102503,-0.9347253,0.08044026842105263,0.05263157894736842,-1.181140194736842
324,I,-2.5235260210526316,-13.966440321052634,0.013380184210526365,-1.2617646,0.0488931,0.0,-1.8052084210526316
325,R,-2.0335623105263156,-15.785967731578948,2.8329239736842107,-0.9799256,0.06133143157894736,0.0,-1.3908510578947368
326,Q,-1.2188839,-11.623936731578947,-0.33957332631578946,-1.2199465,0.0444627,0.0,-1.573070442105263
327,A,-3.1344365789473687,-17.64747766842105,-0.6188332684210526,-1.5427547,0.04004841052631578,0.0,-2.8181898315789473
328,H,-1.9465263684210525,-12.692054478947368,0.7326565631578947,-1.293618,0.05186062105263158,0.0,-1.5851444894736841
329,C,-5.9849822,-19.22925063157895,-0.7177378263157895,-1.7098484,0.04154175263157894,0.0,-3.4547909368421053
330,N,-1.8042681736842108,-10.906902115789473,-0.3977524894736842,-1.2467469,0.06974842631578947,0.0,-1.5606544
331,V,-4.690236210526315,-15.93114977368421,-0.304665847368421,-1.4489537,0.040478205263157895,0.0,-2.369111521052632
332,S,-1.232148489473684,-13.905169984210527,-0.669255205263158,-1.20875,0.08512197368421053,0.05263157894736842,-1.826953052631579
333,K,-0.7680247210526316,-11.394010210526316,1.6111617684210529,-0.9523928,0.047025394736842106,0.0,-1.0690162315789475
334,A,-0.4541719842105263,-10.459897368421053,-0.6188332684210526,-0.9422169000000001,0.04612085789473684,0.0,-1.319217347368421
335,T,-0.29655585263157896,-10.504514042105262,-0.7002840789473684,-1.1980717,0.04170122631578948,0.0,-1.5716721157894735
336,W,-5.965472115789474,-19.269571705263157,-0.5044142684210526,-1.4967598,0.035621610526315794,0.0,-2.9821352157894734
337,N,-0.5285144631578947,-9.50475942631579,-0.3977524894736842,-1.0198503,0.03508442631578947,0.0,-1.2580464947368422
338,E,-0.4018881210526316,-9.637111905263158,1.0919526894736842,-0.9747366,0.02978991052631579,0.0,-1.0563749736842105
339,T,-1.2641800263157894,-12.721352031578947,-0.7002840789473684,-1.388102,0.03776544210526316,0.0,-1.960287094736842
340,L,-4.902224147368422,-16.636288952631578,-0.3182409789473684,-1.41107,0.03396873684210527,0.0,-2.400812594736842
341,G,-0.4527465578947368,-9.376421157894738,-0.6711945052631579,-1.1789039,0.042281084210526315,0.0,-1.4587900894736843
342,K,-0.9039623631578948,-10.372900384210526,1.6111617684210529,-1.2175219,0.0388349,0.0,-1.2425777526315789
343,V,-3.617789642105263,-15.760772399999999,-0.304665847368421,-1.4657909,0.03415435789473684,0.0,-2.3765057210526317
344,V,-3.177154242105263,-11.758562289473685,-0.304665847368421,-1.2378355,0.04079833157894737,0.0,-1.6342130052631578
345,K,-0.3021584631578948,-8.088944310526315,1.6111617684210529,-1.0091913,0.039088884210526316,0.0,-0.9441337789473684
346,Q,-1.5221068315789472,-15.260750589473686,-0.33957332631578946,-1.2167835,0.03781289473684211,0.0,-1.9333596263157897
347,L,-4.883794731578948,-17.60754845263158,-0.3182409789473684,-1.3569654,0.032249563157894734,0.0,-2.448234842105263
348,R,-2.003955436842105,-11.682168810526315,2.8329239736842107,-1.0398316,0.038140505263157896,0.0,-1.0340341210526316
349,K,-0.7443843736842105,-9.6379523,1.6111617684210529,-0.9098720999999999,0.0424746052631579,0.0,-0.9366841368421054
350,H,-1.1165513736842105,-12.484988557894738,0.7326565631578947,-1.1784319,0.040199231578947364,0.0,-1.4334225105263159
351,F,-3.9332676,-13.229037326315789,-0.196064752631579,-1.0879943,0.03541426315789473,0.0,-1.5681189105263158
352,G,-0.7098967684210526,-10.174303563157894,-0.6711945052631579,-0.895376,0.03483202631578947,0.0,-1.2694703210526317
353,N,-0.040535510526315786,-9.788746431578948,-0.3977524894736842,-0.8572494999999999,0.037333978947368424,0.0,-1.1739991842105264
354,N,-0.6306236052631579,-9.124646010526316,-0.3977524894736842,-0.7027576,0.03661225789473684,0.0,-1.088846252631579
355,T,-1.0017798736842105,-11.739021363157894,-0.7002840789473684,-0.9544501999999999,0.03920054736842105,0.0,-1.429951247368421
356,I,-0.4363926736842105,-10.219089231578947,0.013380184210526365,-0.8824114000000001,0.03966178421052632,0.0,-1.181122063157895
357,I,-4.3087927684210525,-14.170942121052633,0.013380184210526365,-1.1952873,0.03696517894736842,0.0,-1.7425869789473685
358,R,-1.5208405263157894,,2.8329239736842107,-1.0085291,0.03830683157894737,0.0,-1.3176294210526316
359,F,-5.333522810526316,-15.343397942105263,-0.196064752631579,-1.3312707,0.03680738421052632,0.0,-2.0484877315789474
360,A,-0.692960052631579,-12.259218194736842,-0.6188332684210526,-1.1751183,0.03873428421052632,0.0,-1.6563605578947367
361,N,0.5826129473684211,-10.23802875263158,-0.3977524894736842,-1.2177432,0.03033551578947368,0.0,-1.509503347368421
362,S,-2.6173735631578947,-13.292018521052631,-0.669255205263158,-1.4336469,0.03302291578947368,0.0,-2.0777588315789473
363,S,-2.0946605894736843,-13.70221397894737,-0.669255205263158,-1.1091468,0.030799031578947367,0.0,-1.701302836842105
364,G,-5.506067068421053,-18.936505463157893,-0.6711945052631579,-1.2025654,0.036026247368421055,0.0,-2.503897752631579
365,G,-5.517871778947368,-18.293934368421052,-0.6711945052631579,-1.213856,0.033946663157894734,0.0,-2.418788552631579
366,D,-5.093380542105263,-18.292467610526316,1.2102503,-1.3190025,0.03301112631578947,0.0,-2.2668377421052632
367,L,-1.0979732368421053,-14.43579355263158,-0.3182409789473684,-1.4445611,0.04168396842105263,0.0,-2.186558242105263
368,E,-5.068236315789474,-18.43332515789474,1.0919526894736842,-1.5458108,0.03505217368421052,0.0,-2.6946986105263155
369,V,-4.105750915789474,-15.231378494736843,-0.304665847368421,-1.5134088,0.03243688421052632,0.0,-2.4035009368421054
370,T,-1.0411415105263158,-13.83511257368421,-0.7002840789473684,-1.3794102,0.029757068421052628,0.0,-2.0701497736842107
371,T,-0.733403152631579,-14.035536589473685,-0.7002840789473684,-1.5268309,0.03378881578947369,0.0,-2.320125557894737
372,H,-1.1482682473684211,-16.38951602631579,0.7326565631578947,-1.7784231,0.03579132631578947,0.0,-2.933549352631579
373,S,-1.707834663157895,-7.673794094736842,-0.669255205263158,-1.7134934,0.03817837894736842,0.0,-2.302185957894737
374,F,-4.280665642105263,-16.847645236842105,-0.196064752631579,-1.7598878999999998,0.03152105263157895,0.0,-3.122683647368421
375,N,-1.2813743789473684,-15.394830036842105,-0.3977524894736842,-1.7683795,0.04342701052631579,0.0,-2.945643494736842
376,C,-5.322019589473684,-18.531593084210527,-0.7177378263157895,-1.7405102,0.036442378947368424,0.0,-3.4089075368421056
377,G,-2.194436242105263,-14.689754421052633,-0.6711945052631579,-1.6381981,0.0334724,0.0,-2.6455429105263155
378,G,-2.325959326315789,-19.425553778947368,-0.6711945052631579,-1.7342154000000003,0.030975899999999997,0.0,-3.553418073684211
379,E,-0.9358355157894737,-16.20008737368421,1.0919526894736842,-1.6825943,0.037377694736842104,0.0,-2.642509589473684
380,F,-2.8937504368421054,-19.258961905263156,-0.196064752631579,-1.7787588,0.035173763157894736,0.0,-3.56097787368421
381,F,-5.3198961526315784,-17.82889789473684,-0.196064752631579,-1.7076497000000002,0.03623835789473684,0.0,-3.1440481736842103
382,Y,-2.171659436842105,-17.778918505263157,-0.7216164368421053,-1.646845,0.03229908947368421,0.0,-3.0680931736842103
383,C,-5.31794902631579,-18.74683712631579,-0.7177378263157895,-1.702776,0.03356908421052631,0.0,-3.3488008789473684
384,N,-0.9478410315789474,-13.042747073684211,-0.3977524894736842,-1.3026995,0.03233858947368421,0.0,-1.8112381263157895
385,T,-3.951162868421052,-15.621391205263158,-0.7002840789473684,-1.5955519,0.03565607894736842,0.0,-2.6431087736842103
386,S,-0.011999447368421085,-14.44940447368421,-0.669255205263158,-1.248737,0.036037426315789475,0.0,-1.9310202157894736
387,G,-0.4213148,-11.274421731578947,-0.6711945052631579,-1.2759713,0.04078533157894737,0.0,-1.6942061000000002
388,L,-4.847626063157895,-17.45902994736842,-0.3182409789473684,-1.524528,0.03354367894736842,0.0,-2.706107842105263
389,F,-5.590891552631579,-16.55724134210526,-0.196064752631579,-1.5406752,0.03410156842105263,0.0,-2.585310252631579
390,N,-1.1539971473684212,-11.850569215789474,-0.3977524894736842,-0.995486,0.03273688421052632,0.0,-1.378005605263158
391,S,-2.6473136894736844,-12.102160010526315,-0.669255205263158,-1.1065816,0.038707557894736844,0.0,-1.5189855578947367
392,T,-0.6518950842105263,-12.038730373684212,-0.7002840789473684,-0.9379363,0.03216513684210526,0.0,-1.4086589894736843
393,W,-4.392999178947369,-12.340955252631579,-0.5044142684210526,-1.1207284,0.04395408947368421,0.0,-1.5231933684210528
394,I,-0.07775302631578947,-6.7012477052631585,0.013380184210526365,-0.7981925,0.033413863157894734,0.0,-0.9726242315789474
395,S,-0.11028164736842105,-6.751143584210526,-0.669255205263158,-0.7690566,0.03724780526315789,0.0,-1.0447322368421053
396,N,-0.16675727368421053,-9.760231405263157,-0.3977524894736842,-0.6188639,0.03955306315789473,0.0,-1.0672251315789474
397,T,-0.20701067368421053,-9.25843117368421,-0.7002840789473684,-0.7098641,0.038071047368421054,0.0,-1.1247153789473685
398,S,-0.10925251052631578,-9.215260715789475,-0.669255205263158,-0.7098641,0.03752412105263158,0.0,-1.1126872894736841
399,V,-0.11442323157894735,,-0.304665847368421,-0.7098641,0.03790763684210526,0.0,-1.5663668684210525
400,Q,0.0854236105263158,,-0.33957332631578946,-0.7098641,0.03404298421052632,0.0,-1.5453948315789474
401,G,0.19357722631578947,,-0.6711945052631579,-0.7098641,0.03971854736842105,0.0,-1.6166484368421052
402,S,-0.17512147894736843,,-0.669255205263158,-0.7098641,0.03937008421052632,0.0,-1.6049308947368421
403,N,-0.20202607368421055,-9.4663009,-0.3977524894736842,-0.7098641,0.03970871578947368,0.0,-1.0701282578947369
404,S,-0.14947164210526315,-8.955906263157894,-0.669255205263158,-0.7098641,0.04136306315789474,0.0,-1.1010641368421052
405,T,-0.17881766842105265,-9.08847075263158,-0.7002840789473684,-0.7098641,0.04196671052631579,0.0,-1.113662347368421
406,G,-0.18721024736842107,-8.583654768421052,-0.6711945052631579,-0.7098641,0.042288836842105264,0.05263157894736842,-1.1084049999999999
407,S,-0.15953683157894738,-8.527691347368421,-0.669255205263158,-0.7098641,0.037445163157894736,0.0,-1.084547505263158
408,N,-0.07887687894736842,-9.695883668421052,-0.3977524894736842,-0.7258392,0.04166255263157895,0.0,-1.1056035368421053
409,D,-0.6354450894736842,-10.012561036842106,1.2102503,-0.8243958,0.03750192631578947,0.0,-0.9417935157894737
410,S,-0.10265057894736843,-9.352984305263158,-0.669255205263158,-1.0317585,0.04164045789473684,0.0,-1.3157916157894736
411,I,-3.419785815789474,-13.05525865263158,0.013380184210526365,-1.2109271,0.03670431578947368,0.0,-1.633864152631579
412,T,-1.0468284315789473,-11.166386315789474,-0.7002840789473684,-1.15205,0.043835926315789475,0.0,-1.515567052631579
413,L,-3.6325558421052633,-15.741980589473682,-0.3182409789473684,-1.4749488,0.03234888421052631,0.0,-2.3750228631578945
414,P,-1.6559118789473686,-12.18872067368421,-0.7216164368421053,-1.2223644,0.03389964736842105,0.0,-1.7053609631578948
415,C,-5.190094684210527,-17.569413052631578,-0.7177378263157895,-1.6479163,0.03297698947368421,0.0,-3.0218253842105263
416,R,-1.585006857894737,-13.5744661,2.8329239736842107,-1.2991491,0.03952287368421053,0.0,-1.443563247368421
417,I,-1.1396862052631578,-16.225317989473684,0.013380184210526365,-1.6160058,0.03372162105263158,0.0,-2.6621137842105265
418,K,-4.104728478947369,-15.575222294736841,1.6111617684210529,-1.5745853,0.039526573684210524,0.0,-2.264664847368421
419,Q,-3.7422584105263152,-17.51337372631579,-0.33957332631578946,-1.6571922,0.04226393157894737,0.0,-2.9640193684210523
420,I,-3.7756289105263163,-15.110786521052633,0.013380184210526365,-1.6024752,0.03741713157894737,0.0,-2.521788147368421
421,I,-0.8582371842105264,-15.743025910526315,0.013380184210526365,-1.6995465999999997,0.032097652631578946,0.0,-2.7908490263157892
422,N,-0.676320152631579,-15.4883924,-0.3977524894736842,-1.4490807,0.03105644210526316,0.0,-2.2865865842105264
423,M,-0.5143042947368421,-14.953465484210525,-0.6110760473684211,-1.7084496,0.04009825263157894,0.0,-2.8060561684210525
424,W,-4.810610094736842,-18.52502632631579,-0.5044142684210526,-1.6634328,0.031051894736842105,0.0,-3.2027617315789474
425,Q,-1.3153600315789473,-17.529440142105262,-0.33957332631578946,-1.3303228,0.04198038421052632,0.05263157894736842,-2.3531549684210527
426,R,-0.8783970736842105,-15.218411410526315,2.8329239736842107,-1.4268494,0.031966536842105264,0.0,-1.8736472105263158
427,I,-0.07408313157894737,-13.17325182105263,0.013380184210526365,-1.0721053,0.02255498947368421,0.0,-1.5342503
428,G,-1.090291,-18.060728652631582,-0.6711945052631579,-1.2929936,0.026285705263157894,0.0,-2.478816547368421
429,Q,0.4648609894736842,-15.302817278947368,-0.33957332631578946,-1.3216975,0.03345707894736842,0.0,-2.061047494736842
430,A,-0.8151966105263158,-15.513549815789474,-0.6188332684210526,-1.5378396,0.046466405263157894,0.0,-2.4973276684210526
431,M,-3.074187263157895,-14.649521336842104,-0.6110760473684211,-1.7228402999999999,0.04318013157894737,0.0,-2.8101302684210525
432,Y,-4.092427626315789,-17.761477163157895,-0.7216164368421053,-1.6412692,0.04544907368421053,0.0,-3.044157057894737
433,A,-1.431434805263158,-16.64318335789474,-0.6188332684210526,-1.7348677999999997,0.04022896315789474,0.0,-3.0881568105263155
434,P,-2.855682094736842,-17.04473557894737,-0.7216164368421053,-1.6777328,0.04516670526315789,0.0,-3.035007821052632
435,P,-2.553711910526316,-19.28990537894737,-0.7216164368421053,-1.5749485,0.03223343157894737,0.0,-3.169225894736842
436,I,-2.519472152631579,-15.795476331578948,0.013380184210526365,-1.5023995,0.04574493684210526,0.0,-2.380238610526316
437,Q,-1.3988390263157895,-11.078879905263157,-0.33957332631578946,-1.2262677,0.03742908947368421,0.0,-1.5744114
438,G,-2.571733252631579,-18.594067968421054,-0.6711945052631579,-1.2774496,0.0385273,0.0,-2.546222847368421
439,V,-1.3751583157894738,-11.430200221052631,-0.304665847368421,-1.2206367,0.03887235263157895,0.0,-1.567912152631579
440,I,-0.598353347368421,-16.589028415789475,0.013380184210526365,-1.4991846,0.0376777947368421,0.0,-2.488981205263158
441,R,-0.5559000368421053,-10.951962757894737,2.8329239736842107,-1.1621124,0.04134928421052632,0.0,-1.0806744315789474
442,C,-5.315493073684211,-18.072475084210527,-0.7177378263157895,-1.6172282,0.033908221052631575,0.0,-3.047639789473684
443,V,-0.8148940105263158,-11.877783857894736,-0.304665847368421,-1.3104188,0.04005835263157895,0.0,-1.7335201947368422
444,S,-2.6984506684210525,-18.381412473684207,-0.669255205263158,-1.6018377,0.03152134210526316,0.0,-3.0493795789473683
445,N,-1.9764723736842105,-13.85771355263158,-0.3977524894736842,-1.4640012,0.0367847,0.0,-2.145862384210526
446,I,-4.286200110526316,-17.63898087368421,0.013380184210526365,-1.6344835,0.03410808947368421,0.0,-2.9099042736842105
447,T,-4.567885442105263,-18.873287231578946,-0.7002840789473684,-1.6632467,0.035047421052631575,0.0,-3.2807459842105264
448,G,-4.772473884210526,-19.03629282105263,-0.6711945052631579,-1.7328709,0.03419178421052632,0.0,-3.468161405263158
449,L,-3.9351441842105266,-15.573513315789473,-0.3182409789473684,-1.6422066,0.03374775263157895,0.0,-2.7012049473684208
450,I,-3.3820014421052633,-15.659750842105263,0.013380184210526365,-1.7320741,0.03492164736842105,0.0,-2.8679266368421055
451,L,-5.048603242105263,-16.755396178947368,-0.3182409789473684,-1.5368125,0.033162173684210525,0.0,-2.6222019368421052
452,T,-2.7263630736842104,-14.109878057894736,-0.7002840789473684,-1.4117415,0.033952289473684207,0.0,-2.1269978736842106
453,R,-4.6716018578947365,-14.046837089473684,2.8329239736842107,-1.1370838,0.034304878947368424,0.0,-1.2835475789473685
454,D,-5.245909421052632,-17.607293384210525,1.2102503,-1.0731845,0.03125187368421053,0.0,-1.8832974157894737
455,G,-5.448262573684211,-15.2419838,-0.6711945052631579,-0.9605412000000001,0.03405062631578947,0.0,-1.725003057894737
456,G,-2.9381313999999996,-12.8561447,-0.6711945052631579,-0.8212614,0.03386161052631579,0.0,-1.4060505368421052
457,S,-1.024528789473684,-8.101078721052632,-0.669255205263158,-0.8212614,0.03930237368421053,0.0,-1.1173261421052632
458,T,0.4055535894736842,-9.169226084210527,-0.7002840789473684,-0.8212614,0.033356052631578946,0.0,-1.1770500210526316
459,N,-0.29178352631578947,-9.758695905263158,-0.3977524894736842,-0.755894,0.036210215789473685,0.0,-1.1568505631578947
460,S,-0.0068727052631578954,-8.51704997368421,-0.669255205263158,-0.6819816,0.03559457894736842,0.0,-1.0967728315789473
461,T,-0.24556074736842104,-9.487699189473684,-0.7002840789473684,-0.7368156,0.03500927368421053,0.0,-1.1679685315789474
462,T,-0.1633212842105263,-9.477819136842106,-0.7002840789473684,-0.9666534999999999,0.039985136842105265,0.0,-1.2681173421052632
463,E,-4.068903442105263,-13.821353952631577,1.0919526894736842,-1.0348775,0.032696499999999996,0.0,-1.361917294736842
464,T,-3.4477200473684215,-13.676701915789474,-0.7002840789473684,-1.1780208,0.03155055789473684,0.0,-1.761890442105263
465,F,-4.874761521052631,-16.996824310526314,-0.196064752631579,-1.3290271,0.033667194736842106,0.0,-2.293820263157895
466,R,-4.922968805263158,-16.981760763157894,2.8329239736842107,-1.2131816,0.032820605263157894,0.0,-1.7470174894736843
467,P,-3.847761789473684,-19.03813861578947,-0.7216164368421053,-1.548154,0.03237777894736842,0.0,-3.0680583631578946
468,G,-1.1707994368421053,-13.250467721052631,-0.6711945052631579,-1.6058086,0.040209621052631574,0.0,-2.437040094736842
469,G,-5.31707587368421,-17.9621736,-0.6711945052631579,-1.7479987,0.033487957894736846,0.0,-3.3288987263157894
470,G,-4.642804863157894,-18.66653152631579,-0.6711945052631579,-1.6095126,0.031923599999999996,0.0,-3.134778931578947
471,D,-3.044187410526316,-14.872859289473682,1.2102503,-1.5152436,0.03185058947368421,0.0,-2.1191589368421053
472,M,-3.057747605263158,-16.9392712,-0.6110760473684211,-1.7017353,0.029164121052631577,0.0,-3.0561050263157896
473,R,-1.291273410526316,-14.586312,2.8329239736842107,-1.4390572,0.03428172105263158,0.0,-1.7780850894736844
474,D,-3.732437078947368,-16.318715931578947,1.2102503,-1.6627488,0.028882905263157895,0.0,-2.597695852631579
475,N,-1.9680829105263158,-18.244756094736843,-0.3977524894736842,-1.7763317,0.0307930947368421,0.0,-3.375735705263158
476,W,-3.090317105263158,-19.587875863157894,-0.5044142684210526,-1.7626336000000002,0.03404274736842105,0.0,-3.6193018789473683
477,R,-2.5205982684210526,-17.133424163157894,2.8329239736842107,-1.5998038,0.03187364736842105,0.0,-2.4138410789473683
478,S,-0.9966732631578947,-16.771260173684208,-0.669255205263158,-1.7570466999999999,0.03568143157894737,0.0,-3.1467137789473685
479,E,-3.4469505736842105,-14.820220631578946,1.0919526894736842,-1.7824538999999997,0.031779184210526314,0.0,-2.713831784210526
480,L,-3.5528394315789478,-19.350979147368424,-0.3182409789473684,-1.7932956,0.03392660526315789,0.0,-3.6215598052631575
481,Y,-2.301526142105263,-17.894364152631578,-0.7216164368421053,-1.6667593,0.037247526315789474,0.0,-3.122798642105263
482,K,-0.5030657421052631,-15.857455968421053,1.6111617684210529,-1.6535863,0.03749211052631579,0.0,-2.4659057210526316
483,Y,-4.934029442105263,-19.32225017894737,-0.7216164368421053,-1.7808841,0.035416399999999994,0.0,-3.6431923157894737
484,K,-5.134251657894737,-19.13377364210526,1.6111617684210529,-1.6406458,0.03233542631578947,0.0,-2.9471947684210527
485,V,-3.0940796263157897,-16.95806952631579,-0.304665847368421,-1.8059056,0.03234052105263158,0.0,-3.265636594736842
486,V,-4.1808932210526315,-17.59842855789474,-0.304665847368421,-1.7739408,0.0333970052631579,0.0,-3.282465252631579
487,K,-1.3101023789473685,-15.262825736842107,1.6111617684210529,-1.6613123,0.03418175789473684,0.0,-2.4399715
488,I,-2.9388412,-15.852387494736844,0.013380184210526365,-1.8660944,0.0437827,0.0,-3.2336066157894736
489,E,-0.5564590368421052,-15.761294710526316,1.0919526894736842,-1.6521505,0.03901776842105263,0.0,-2.533386836842105
490,P,-3.2370547842105264,-19.05837792631579,-0.7216164368421053,-1.8656366000000002,0.03633902105263158,0.0,-3.8103678315789473
491,L,-3.876683489473684,-16.370516136842106,-0.3182409789473684,-1.7815348999999998,0.03830293684210526,0.0,-3.125460136842105
492,G,-3.7557563736842106,-17.41779399473684,-0.6711945052631579,-1.7327218999999998,0.03686442105263158,0.0,-3.206215994736842
493,V,-3.8019943263157896,-15.033737015789475,-0.304665847368421,-1.6383227,0.034718557894736844,0.0,-2.6164568999999998
494,A,-4.732136205263157,-18.390135436842105,-0.6188332684210526,-1.5986311,0.033641868421052636,0.0,-3.053758521052632
495,P,-5.291474584210526,-19.630990357894735,-0.7216164368421053,-1.4380963,0.03717393684210526,0.0,-2.976252452631579
496,T,-3.6035329315789473,-14.929972763157895,-0.7002840789473684,-1.4464703,0.0382704,0.0,-2.269265642105263
497,R,-1.914782947368421,-12.104365631578947,2.8329239736842107,-0.9812731,0.036137752631578944,0.0,-1.0112964736842105
498,A,-4.086801636842105,-14.146601384210525,-0.6188332684210526,-1.330756,0.03684004736842105,0.0,-2.0024829789473686
499,K,-2.0809935157894737,-14.536730942105264,1.6111617684210529,-1.1872491,0.03804955789473684,0.0,-1.5440253
500,R,-5.697002305263157,-17.04717575263158,2.8329239736842107,-1.415284,0.031612389473684215,0.0,-2.0479007578947366
501,R,-2.1634283789473683,-14.756679142105265,2.8329239736842107,-1.1396532,0.04076476842105263,0.0,-1.3837450210526316
502,V,-3.2500715157894735,-16.077574410526314,-0.304665847368421,-1.0690024,0.03816944210526316,0.0,-1.890554836842105
503,V,-3.9913033421052635,-16.276164863157895,-0.304665847368421,-1.0726548,0.03784286842105263,0.0,-1.9120269210526315
504,G,0.08262829473684212,-10.895000263157895,-0.6711945052631579,-1.0726548,0.03653231052631579,0.0,-1.4493260315789473
505,R,-3.2767635157894737,-14.863765068421054,2.8329239736842107,-1.0726548,0.03991117368421053,0.0,-1.3414573421052634
506,E,-0.8928179526315789,-12.910472373684211,1.0919526894736842,-1.0726548,0.036715226315789475,0.0,-1.347455152631579
507,K,-1.3582839368421054,-14.60536077368421,1.6111617684210529,-1.0726548,0.03971523684210526,0.0,-1.431400005263158
508,R,-5.311667168421052,-17.01460607368421,2.8329239736842107,-1.0726548,0.0346485947368421,0.0,-1.6248680105263158
509,A,-2.677259052631579,-16.244672563157895,-0.6188332684210526,-1.0726548,0.0848010052631579,0.15789473684210525,-1.9645522684210526
510,V,-2.1246233315789476,-14.37485673157895,-0.304665847368421,-1.0726548,0.044662636842105266,0.0,-1.714208494736842
511,G,-0.23922488421052632,-14.329916857894737,-0.6711945052631579,-1.0726548,0.05258052105263158,0.0,-1.732490557894737
512,I,-1.4478993315789475,-13.971304473684212,0.013380184210526365,-1.0726548,0.03305781052631579,0.0,-1.6215369789473684
513,G,-1.8050903736842105,-17.530962136842106,-0.6711945052631579,-1.0726548,0.039967831578947365,0.0,-2.1547949842105267
514,A,-4.866116384210526,-16.00951632631579,-0.6188332684210526,-1.0726548,0.040243484210526315,0.0,-1.9265151368421054
515,V,-2.4649017684210524,-13.801955073684212,-0.304665847368421,-1.0763072,0.0355578,0.0,-1.6567185842105263
516,F,-3.1026997315789475,-14.53070582631579,-0.196064752631579,-1.228831,0.03014601052631579,0.0,-1.8494527631578948
517,L,-4.581725742105263,-14.915890931578947,-0.3182409789473684,-1.4357543,0.03546128947368421,0.0,-2.225516847368421
518,G,-4.161464815789474,-16.136975068421055,-0.6711945052631579,-1.6486508,0.04395376315789473,0.0,-2.8233778842105264
519,F,-5.192055157894736,-17.277956663157894,-0.196064752631579,-1.8645559999999999,0.03616951052631579,0.0,-3.458627568421053
520,L,-4.863976510526316,-20.182286321052633,-0.3182409789473684,-1.8445247000000002,0.03213536315789474,0.0,-3.911569894736842
521,G,-1.563963457894737,-17.230891484210527,-0.6711945052631579,-1.6519489,0.044130405263157896,0.0,-2.9997886368421054
522,A,-3.996796747368421,-14.558085542105262,-0.6188332684210526,-1.5322666,0.041676,0.0,-2.387028142105263
523,A,-4.860840910526316,-19.275964310526316,-0.6188332684210526,-1.7027667999999998,0.03431422105263158,0.0,-3.436803231578948
524,G,-4.269937089473684,-18.312823710526317,-0.6711945052631579,-1.4720632,0.03508002105263158,0.0,-2.7988308578947367
525,S,-4.2996168789473685,-18.482737915789475,-0.669255205263158,-1.5129641,0.03860094210526316,0.0,-2.885363084210526
526,T,-6.326608731578947,-18.170103110526316,-0.7002840789473684,-1.263838,0.03443016315789473,0.0,-2.4480707157894734
527,M,-6.413363510526316,-17.346084742105262,-0.6110760473684211,-1.4747376,0.03462355263157895,0.0,-2.6377577210526315
528,G,-5.2174114631578945,-19.277517857894736,-0.6711945052631579,-1.3887601,0.03097254736842105,0.0,-2.8252067842105264
529,A,-4.5979391,-17.847160915789473,-0.6188332684210526,-1.3707737,0.033399321052631575,0.0,-2.543342489473684
530,A,-5.328082847368421,-18.391161431578947,-0.6188332684210526,-1.6317433,0.0329737,0.0,-3.1283863315789473
531,S,-3.684591842105263,-17.623100210526317,-0.669255205263158,-1.4680037,0.03343942631578947,0.0,-2.6678989315789474
532,M,-2.404620494736842,-13.307297857894737,-0.6110760473684211,-1.247717,0.03195705263157894,0.0,-1.8394555210526315
533,T,-3.7833348526315786,-16.712740905263157,-0.7002840789473684,-1.4418604,0.03396794210526316,0.0,-2.4959182263157893
534,L,-6.091804342105263,-20.123801789473685,-0.3182409789473684,-1.7047294999999998,0.03391523684210526,0.0,-3.5567185368421055
535,T,-4.970850568421053,-18.288334589473685,-0.7002840789473684,-1.4819077,0.032027799999999995,0.0,-2.810661052631579
536,V,-4.395538031578948,-16.6724879,-0.304665847368421,-1.3455697,0.03485675263157895,0.0,-2.2954778368421054
537,Q,-4.739703221052632,-18.165271631578946,-0.33957332631578946,-1.6504532,0.03723183157894737,0.0,-3.0615473210526316
538,A,-4.4607369105263155,-17.345989705263158,-0.6188332684210526,-1.679594,0.03232564736842105,0.0,-3.071470389473684
539,R,-3.616667621052631,-17.22469802631579,2.8329239736842107,-1.5382109,0.04088364210526316,0.0,-2.2969074999999997
540,N,-0.4818702473684211,-13.612087521052633,-0.3977524894736842,-1.5098745,0.03610673684210526,0.0,-2.181641
541,L,-2.7855909684210527,-17.817174621052633,-0.3182409789473684,-1.5098745,0.03688148947368421,0.0,-2.7359132421052634
542,L,-2.831434421052631,-18.030311310526315,-0.3182409789473684,-1.5098745,0.03987645263157895,0.0,-2.774339863157895
543,S,-3.6091322894736844,-16.27943497368421,-0.669255205263158,-1.5098745,0.034793447368421056,0.0,-2.548638410526316
544,G,-5.341028357894737,-18.858984957894737,-0.6711945052631579,-1.5098745,0.03428364736842105,0.0,-2.9540680684210527
545,I,-1.3463851631578947,-17.380011315789474,0.013380184210526365,-1.5098745,0.033705057894736844,0.0,-2.621818105263158
546,V,-2.928857894736842,-19.013401378947368,-0.304665847368421,-1.5098745,0.03300028421052631,0.0,-2.9369863210526317
547,Q,-1.6898625894736843,-17.2861682,-0.33957332631578946,-1.5098745,0.03955312105263158,0.0,-2.6369864789473683
548,Q,-1.6552773789473683,-18.67986927368421,-0.33957332631578946,-1.5098745,0.033679652631578946,0.0,-2.855066705263158
549,Q,-2.749228605263158,-18.783953547368423,-0.33957332631578946,-1.5098745,0.03606668947368421,0.0,-2.8734759631578948
550,S,-0.11447850000000001,-11.579438268421052,-0.669255205263158,-1.5098745,0.0343902947368421,0.0,-2.075910305263158
551,N,-0.23616786315789473,-15.425982336842104,-0.3977524894736842,-1.5098745,0.03316936842105263,0.0,-2.3745073315789473
552,L,-5.5334479105263155,-19.391211589473684,-0.3182409789473684,-1.5098745,0.03443326315789474,0.0,-3.003796121052632
553,L,-4.507805121052631,-19.23821831578947,-0.3182409789473684,-1.5098745,0.035438815789473686,0.0,-2.9801352736842106
554,R,-1.7032383000000002,-13.72071142105263,2.8329239736842107,-1.5098745,0.038382857894736847,0.0,-1.8213073526315788
555,A,-3.1496705157894738,-18.82695247894737,-0.6188332684210526,-1.5098745,0.03312253684210526,0.0,-2.944828342105263
556,I,-3.150222405263158,-16.454711905263157,0.013380184210526365,-1.5098745,0.032421952631578946,0.0,-2.4747328473684207
557,E,-3.2483863684210528,-17.041582315789473,1.0919526894736842,-1.5098745,0.038130042105263155,0.0,-2.4073930684210527
558,A,-2.2832979894736845,-15.325684868421053,-0.6188332684210526,-1.5098745,0.036191557894736846,0.0,-2.4223597894736844
559,Q,-4.702186868421053,-20.137431231578947,-0.33957332631578946,-1.5098745,0.03571903157894737,0.0,-3.1274006631578946
560,Q,-3.6437448736842106,-17.6977096,-0.33957332631578946,-1.481538,0.03217756842105263,0.0,-2.640450052631579
561,H,-0.0040280789473684285,-15.39743647894737,0.7326565631578947,-1.5994569,0.034679221052631576,0.0,-2.4059141368421053
562,L,-4.083040521052632,-15.982842026315788,-0.3182409789473684,-1.6989129,0.030153563157894737,0.0,-2.883194105263158
563,L,-6.207134231578947,-20.250650852631576,-0.3182409789473684,-1.6658535,0.030942373684210524,0.0,-3.4918562842105265
564,K,-3.472822136842105,-15.50895414736842,1.6111617684210529,-1.7848898000000002,0.03296885263157895,0.0,-2.741251305263158
565,L,-4.517621705263158,-17.4085231,-0.3182409789473684,-1.7177158,0.03429830526315789,0.0,-3.1009048368421053
566,T,-2.797341915789474,-18.457751489473683,-0.7002840789473684,-1.8603289,0.03521253684210526,0.0,-3.683822631578947
567,V,-3.228732442105263,-17.500168957894736,-0.304665847368421,-1.8519309,0.0355953,0.0,-3.4552953842105265
568,W,-6.3651500210526315,-20.520360084210523,-0.5044142684210526,-1.8711511000000003,0.03318921578947368,0.0,-4.074052521052631
569,G,-5.00561272631579,-19.829541610526316,-0.6711945052631579,-1.8870914,0.03264864210526316,0.0,-4.003328894736842
570,I,-1.4867746842105263,-17.243706257894736,0.013380184210526365,-1.9258471000000001,0.03916645789473684,0.0,-3.5676419473684207
571,K,-2.1314834473684208,-19.353434673684212,1.6111617684210529,-1.8290487999999998,0.03681947368421053,0.0,-3.434756326315789
572,Q,-1.443120442105263,-19.70847489473684,-0.33957332631578946,-1.7922167,0.029063315789473684,0.0,-3.663793189473684
573,L,-5.125643826315789,-19.009777189473684,-0.3182409789473684,-1.9574308,0.03564851578947368,0.0,-3.9955504842105265
574,Q,-2.7935553210526316,-17.309177810526318,-0.33957332631578946,-1.8472069,0.038369747368421046,0.0,-3.405640868421053
575,A,-3.6108212263157893,-17.21237989473684,-0.6188332684210526,-1.8632640000000003,0.03670429473684211,0.0,-3.4881695
576,R,-3.870566947368421,-19.50586963157895,2.8329239736842107,-1.8876870000000001,0.03404603157894737,0.0,-3.4981959894736847
577,V,-3.457201363157895,-16.306283410526316,-0.304665847368421,-1.9618335,0.03979166315789474,0.0,-3.5931217105263156
578,L,-2.2478384263157896,-18.80628597894737,-0.3182409789473684,-1.8134515,0.04266227368421052,0.0,-3.576969715789474
579,A,-3.7629793736842108,-18.281469721052634,-0.6188332684210526,-1.9901096,0.033422215789473686,0.0,-4.006838584210526
580,V,-3.4426415526315792,-15.86281224736842,-0.304665847368421,-1.9677766,0.04482114210526316,0.0,-3.564175605263158
581,E,-4.434198531578947,-16.57897432631579,1.0919526894736842,-1.8679692,0.03749623684210526,0.0,-3.1542327789473688
582,R,-1.595830052631579,-14.411718721052631,2.8329239736842107,-1.8215671999999998,0.028888252631578945,0.0,-2.579736305263158
583,Y,-3.233414484210526,-17.809092910526317,-0.7216164368421053,-1.9075302000000003,0.04151246315789474,0.0,-3.7163622947368418
584,L,-3.561234152631579,-18.96512447894737,-0.3182409789473684,-1.9207617,0.04145074210526316,0.0,-3.8890772421052633
585,R,-2.30643737368421,-13.670572668421052,2.8329239736842107,-1.7714956,0.03657744210526316,0.0,-2.391887552631579
586,D,0.09001732631578949,-18.738548510526314,1.2102503,-1.8293723999999998,0.043680973684210526,0.05263157894736842,-3.3759632263157897
587,Q,-1.1332517,-19.458488957894737,-0.33957332631578946,-1.8929995000000002,0.03370651052631579,0.0,-3.882077884210526
588,Q,-4.158661342105264,-17.680319063157896,-0.33957332631578946,-1.8111081,0.03600994736842105,0.0,-3.372540505263158
589,L,-4.857715505263158,-16.701018968421053,-0.3182409789473684,-1.7179785000000003,0.031226273684210527,0.0,-3.015940105263158
590,L,-5.245765747368421,-18.995613189473687,-0.3182409789473684,-1.8632821,0.034821700000000004,0.0,-3.7407769473684205
591,G,-0.27092799999999995,-19.069698936842105,-0.6711945052631579,-1.8188263,0.030610326315789475,0.0,-3.6905788263157895
592,I,-4.0585093789473685,-16.105504794736845,0.013380184210526365,-1.7156967999999997,0.04151017894736842,0.0,-2.88997
593,W,-4.118247510526316,-19.700952768421054,-0.5044142684210526,-1.7320428000000003,0.033715010526315786,0.0,-3.5620624421052636
594,G,-5.613473715789474,-19.167771505263158,-0.6711945052631579,-1.7007352999999998,0.0332983947368421,0.0,-3.413751084210526
595,C,-6.401277242105263,-18.01512965263158,-0.7177378263157895,-1.8902548,0.03062018947368421,0.0,-3.7011361631578947
596,S,-1.2964310684210525,-17.54958422631579,-0.669255205263158,-1.8304903,0.045118810526315785,0.0,-3.4506244105263155
597,G,-1.846795552631579,-18.196973315789474,-0.6711945052631579,-1.8829416999999997,0.044171510526315794,0.0,-3.704947631578947
598,K,-3.934893868421053,-16.22816417368421,1.6111617684210529,-1.6357613,0.03900483684210526,0.0,-2.476209247368421
599,L,-4.141645384210527,-15.875736936842106,-0.3182409789473684,-1.7643092,0.03823211052631579,0.0,-3.034274131578947
600,I,-5.324079442105263,-18.351815647368422,0.013380184210526365,-1.5661083,0.035711205263157894,0.0,-2.887225257894737
601,C,-5.847909052631579,-20.01032972631579,-0.7177378263157895,-1.8048452,0.033312010526315786,0.0,-3.8282405578947363
602,T,-2.148788910526316,-14.676814989473685,-0.7002840789473684,-1.506826,0.03381853157894737,0.0,-2.3516969842105264
603,T,-5.200485021052631,-18.876796994736843,-0.7002840789473684,-1.5906949,0.03327201578947368,0.0,-3.1187030210526316
604,N,-0.9005622789473683,-14.34728357894737,-0.3977524894736842,-1.3061933,0.037211705263157896,0.0,-1.9641280368421055
605,V,-5.017656310526315,-18.580232305263156,-0.304665847368421,-1.4266449,0.03307757894736842,0.0,-2.7094430789473685
606,P,-1.1881842894736843,-15.434950610526315,-0.7216164368421053,-1.0741474,0.03996083157894737,0.0,-1.856268952631579
607,W,-5.712002578947368,-19.98061717894737,-0.5044142684210526,-1.335008,0.03325484736842105,0.0,-2.8517664105263156
608,N,-0.1362435894736843,-17.574889436842103,-0.3977524894736842,-0.9652651000000001,0.12866295789473683,0.47368421052631576,-2.0163835052631582
609,S,-0.10762271578947369,-12.453871578947368,-0.669255205263158,-0.9080607,0.04727377368421053,0.05263157894736842,-1.414551194736842
610,S,0.6924285210526315,,-0.669255205263158,-1.0094181,0.16566085263157895,0.6842105263157895,-1.7559822157894736
611,W,-6.009087784210526,,-0.5044142684210526,-1.2048077,0.03320802105263158,0.0,-1.9255487947368424
612,S,-2.5444118789473684,-16.41171872631579,-0.669255205263158,-1.2102159,0.03265478947368421,0.0,-2.1033798263157895
613,N,-0.07810696842105262,-15.305028042105263,-0.3977524894736842,-0.9150477000000001,0.03288145263157895,0.0,-1.6756978315789473
614,R,-2.4888414315789475,-13.942774052631579,2.8329239736842107,-1.0513092,0.034647052631578946,0.0,-1.2257675052631578
615,N,0.6169414684210527,-15.002420842105263,-0.3977524894736842,-0.9292048999999999,0.04165062105263158,0.0,-1.6704581842105262
616,L,-0.9160425842105264,-12.53339397368421,-0.3182409789473684,-1.0043903,0.0390786,0.0,-1.4570929736842104
617,S,0.5927994263157895,-12.506435084210526,-0.669255205263158,-0.9274177999999998,0.03504295789473684,0.0,-1.4678414263157893
618,E,0.4764103052631579,-11.533148515789474,1.0919526894736842,-1.0815757,0.04508086842105263,0.0,-1.2157708894736843
619,I,-4.877661047368421,-18.352626421052634,0.013380184210526365,-1.305025,0.03617875263157894,0.0,-2.4305094736842103
620,W,-5.121045989473684,-20.14558425263158,-0.5044142684210526,-1.3934637,0.03299371578947369,0.0,-2.971882694736842
621,D,0.594393847368421,-13.71786787368421,1.2102503,-1.0009331,0.044241036842105265,0.0,-1.3977984368421053
622,N,0.20344712631578946,-15.02647704736842,-0.3977524894736842,-1.0197845,0.036954705263157896,0.0,-1.7211945947368419
623,M,-2.2275724263157897,-15.840052610526314,-0.6110760473684211,-1.246048,0.032297294736842105,0.0,-2.0783571842105264
624,T,-5.13556087368421,-20.447198757894736,-0.7002840789473684,-1.3567694,0.03789570526315789,0.0,-2.9917297368421054
625,W,-6.310922731578947,-20.254699684210525,-0.5044142684210526,-1.6835774,0.03376443157894737,0.0,-3.561549010526316
626,L,-0.0804311052631579,-15.903473873684211,-0.3182409789473684,-1.5890537,0.048857331578947366,0.0,-2.654286921052632
627,Q,-0.7754986631578947,-15.61705454736842,-0.33957332631578946,-1.2024537,0.034935784210526316,0.0,-1.9559438
628,W,-5.507767505263158,-20.858713284210527,-0.5044142684210526,-1.4725228,0.032948978947368424,0.0,-3.246308231578947
629,D,-0.6162233263157895,-16.4383538,1.2102503,-1.5606345,0.03925766315789474,0.0,-2.4043128789473687
630,K,-0.060695842105263194,-13.769971321052633,1.6111617684210529,-1.2745921,0.030645626315789477,0.0,-1.5626111789473685
631,E,-0.1643919105263158,-17.874145457894738,1.0919526894736842,-1.2024737,0.03915218947368421,0.0,-2.0737189789473685
632,I,-3.889378378947369,-17.19388486842105,0.013380184210526365,-1.4240053,0.03722141578947368,0.0,-2.439471552631579
633,S,-0.2633511210526316,-12.947401105263157,-0.669255205263158,-1.3020529,0.03854057894736842,0.0,-1.858968105263158
634,N,-1.166254957894737,-15.060722894736841,-0.3977524894736842,-1.0423654,0.06915007894736842,0.05263157894736842,-1.7213829526315787
635,Y,-1.091917342105263,-17.490127063157892,-0.7216164368421053,-1.1230471,0.0442377052631579,0.0,-2.194169736842105
636,T,-1.2796649315789472,-16.206269236842104,-0.7002840789473684,-1.4200912,0.056412447368421055,0.05263157894736842,-2.377955847368421
637,Q,0.3561795157894737,-13.324491805263158,-0.33957332631578946,-1.3004443,0.04331778421052632,0.0,-1.857512952631579
638,I,0.08709827368421053,-11.01514185263158,0.013380184210526365,-1.1519234,0.04375113157894737,0.0,-1.4281434842105263
639,I,-4.700848563157894,-17.759925578947367,0.013380184210526365,-1.4469645,0.03378975789473684,0.0,-2.5646515421052634
640,Y,-3.1462435631578947,-17.48976538421053,-0.7216164368421053,-1.59027,0.03561085263157895,0.0,-2.8989075263157895
641,G,-0.13270069473684212,-10.70306590526316,-0.6711945052631579,-1.3634374,0.04082625789473684,0.0,-1.782795836842105
642,L,-1.9277388631578949,-17.277730563157895,-0.3182409789473684,-1.2824421,0.03848816842105263,0.0,-2.2830596526315787
643,L,-4.045449194736842,-15.784811842105263,-0.3182409789473684,-1.6328631,0.03744337894736842,0.0,-2.6892428105263155
644,E,-2.320790331578947,-14.275115663157896,1.0919526894736842,-1.4703823,0.05578314210526316,0.05263157894736842,-1.9824010157894738
645,E,-0.7108292,-13.138532442105264,1.0919526894736842,-1.2466861,0.04528293684210526,0.0,-1.5603825263157896
646,S,-0.8619664052631578,-16.729030242105264,-0.669255205263158,-1.47957,0.03852655789473684,0.0,-2.553969794736842
647,Q,-2.687408247368421,-18.355998731578946,-0.33957332631578946,-1.6060977,0.04477147368421053,0.0,-2.9958820263157895
648,N,-3.0570551631578944,-13.233780068421053,-0.3977524894736842,-1.3637006,0.04188034210526316,0.0,-1.9113511789473683
649,Q,-0.36583629999999995,-17.104654084210527,-0.33957332631578946,-1.0689498,0.04492622631578948,0.0,-2.011665594736842
650,Q,-3.1826236736842106,-20.235034105263157,-0.33957332631578946,-1.3531354,0.04208673684210527,0.0,-2.877727021052632
651,E,-5.12179737368421,-16.531469068421053,1.0919526894736842,-1.5069727,0.03853294210526316,0.0,-2.3239803315789476
652,K,-2.2561663684210522,-13.94397165263158,1.6111617684210529,-1.2343575,0.03928407894736843,0.0,-1.5434597210526317
653,N,-0.8007250052631579,-18.564654226315792,-0.3977524894736842,-0.9447371,0.03997242105263158,0.0,-2.1660867578947367
654,E,-1.3810988789473684,-18.47181783157895,1.0919526894736842,-1.2304312,0.0423465,0.0,-2.1977814894736842
655,Q,-2.3471713000000003,-15.22557053157895,-0.33957332631578946,-1.5168214,0.039981342105263155,0.0,-2.3895757789473686
656,D,-1.8690404315789473,-15.565698310526315,1.2102503,-1.2316732,0.04182277368421052,0.0,-1.7690361578947367
657,L,-4.259513415789473,-19.580142347368422,-0.3182409789473684,-1.145112,0.039954978947368415,0.0,-2.5158897842105263
658,L,-4.9478329789473685,-18.627305936842106,-0.3182409789473684,-1.3939603,0.03623781578947369,0.0,-2.666933673684211
659,A,-3.274951189473684,-14.625325036842106,-0.6188332684210526,-1.2550714,0.03650536315789474,0.0,-1.982941342105263
660,L,-3.5061621421052633,-15.57892934736842,-0.3182409789473684,-0.9728537,0.03652092105263158,0.0,-1.7571539684210524
661,D,-1.4612896421052632,-16.33308037894737,1.2102503,-0.9041246,0.04184017368421053,0.0,-1.5862560263157894
662,K,-1.5505538578947367,-13.387108715789473,1.6111617684210529,,0.038372105263157895,0.0,-1.7249109210526317
663,W,-4.586992547368421,-20.356706105263157,-0.5044142684210526,,0.033453684210526316,0.0,-3.008944984210526
664,A,-0.7029578210526316,-13.73958677368421,-0.6188332684210526,,0.033796415789473684,0.0,-2.0946644631578946
665,S,-2.299363073684211,-12.504683694736842,-0.669255205263158,,0.04187966842105263,0.0,-1.9467674421052632
666,L,-4.954657231578947,-19.3525827,-0.3182409789473684,,0.03859363684210526,0.0,-2.7879984631578947
667,W,-3.190629742105263,-18.513297989473685,-0.5044142684210526,,0.03861934736842105,0.0,-2.6703934
668,N,-3.3954957473684204,-15.221260878947367,-0.3977524894736842,,0.046880447368421056,0.0,-2.184969847368421
669,W,-4.780162736842105,-19.792022336842106,-0.5044142684210526,,0.035763036842105266,0.0,-2.9022978157894737
670,F,-3.698601336842105,-18.365407836842103,-0.196064752631579,,0.0376919947368421,0.0,-2.6042165
671,D,-2.018685005263158,-13.267532563157895,1.2102503,,0.0393294,0.0,-1.7682677368421054
672,I,-5.110376578947369,-17.943886257894736,0.013380184210526365,,0.03332882631578947,0.0,-2.504404642105263
673,S,-2.8651461263157896,-15.881236510526316,-0.669255205263158,,0.03980624210526316,0.0,-2.2955427315789474
674,N,-2.417896005263158,-12.273572410526315,-0.3977524894736842,,0.039943073684210524,0.0,-1.9032273631578949
675,W,-3.6844836105263155,-19.763576831578945,-0.5044142684210526,,0.03716075263157895,0.0,-2.895598684210526
676,L,-4.202744615789474,-19.075205536842105,-0.3182409789473684,,0.033209194736842106,0.0,-2.741408310526316
677,W,-3.5119601736842103,-17.70207197894737,-0.5044142684210526,,0.03435948947368421,0.0,-2.535701231578947
678,Y,-3.396034484210526,-18.94930162105263,-0.7216164368421053,,0.033714510526315786,0.0,-2.771396478947368
679,I,-2.5164447210526317,-15.132067205263157,0.013380184210526365,,0.04035000526315789,0.0,-2.1090792684210524
680,K,-2.455274478947368,-15.868164705263158,1.6111617684210529,,0.035575921052631576,0.0,-1.9793196578947367
681,I,-2.3628264263157894,-16.00932683157895,0.013380184210526365,,0.03442225789473684,0.0,-2.2320215473684213
682,F,-1.548884605263158,-17.229014842105265,-0.196064752631579,,0.0335972,0.0,-2.424063410526316
683,I,-3.983538726315789,-15.90774054736842,0.013380184210526365,,0.03940714736842105,0.0,-2.201626847368421
684,M,-2.1827685894736844,-15.231621963157897,-0.6110760473684211,,0.0403195052631579,0.0,-2.2206339684210525
685,I,-1.6130033631578946,-15.845386984210528,0.013380184210526365,,0.03581527894736842,0.0,-2.2068612
686,V,-1.1406546263157895,-15.009268342105264,-0.304665847368421,,0.03325679473684211,0.0,-2.145187263157895
687,G,-1.363341047368421,-17.559148847368423,-0.6711945052631579,,0.03762531578947368,0.0,-2.545957052631579
688,G,-0.3034849,-14.69863084736842,-0.6711945052631579,,0.03967333684210526,0.0,-2.158041489473684
689,L,-0.9433787894736841,-17.318210352631578,-0.3182409789473684,,0.0320465,0.0,-2.4625619
690,I,-1.401071294736842,-16.209518942105262,0.013380184210526365,,0.03593447894736842,0.0,-2.2402961157894734
691,G,-1.3425408157894736,-15.2524524,-0.6711945052631579,,0.035872768421052637,0.0,-2.217630005263158
692,L,-0.7386894631578947,-16.68679454736842,-0.3182409789473684,,0.036938931578947364,0.0,-2.3705091157894738
693,R,-1.3957457578947368,-16.55860532105263,2.8329239736842107,,0.03779531052631579,0.0,-1.9421533
694,I,-2.5580924157894733,-16.23753402105263,0.013380184210526365,,0.032795621052631584,0.0,-2.261506152631579
695,V,-1.5670156263157895,-15.117635310526316,-0.304665847368421,,0.03877035263157895,0.0,-2.1781037842105264
696,F,-0.04525943684210526,-15.698975242105265,-0.196064752631579,,0.044966400000000004,0.0,-2.228262347368421
697,A,-0.33107792105263156,-13.090667442105262,-0.6188332684210526,,0.03577092631578947,0.0,-2.0070620105263157
698,V,-2.0759860210526315,-14.738890942105263,-0.304665847368421,,0.03416664736842105,0.0,-2.1255295631578948
699,L,-0.5150643052631579,-14.053836263157896,-0.3182409789473684,,0.04505675263157895,0.0,-2.0478609894736843
