i,wt,fitness_eve,dissimilarity_charge_hydro,accessibility_wcn,evescape
1,M,,-0.6110760473684211,,-2.1943259315789474
2,P,,-0.7216164368421053,,-2.203489894736842
3,A,,-0.6188332684210526,,-2.1953515894736846
4,E,,1.0919526894736842,,-1.9353718789473684
5,N,,-0.3977524894736842,,-2.1395909157894737
6,K,,1.6111617684210529,,-1.8715740526315792
7,K,,1.6111617684210529,,-1.8715740526315792
8,V,,-0.304665847368421,,-2.151083542105263
9,R,,2.8329239736842107,,-1.7512130052631578
10,F,,-0.196064752631579,,-2.1348845263157896
11,E,,1.0919526894736842,,-1.9353718789473684
12,N,,-0.3977524894736842,,-2.1395909157894737
13,T,,-0.7002840789473684,,-2.1969200315789474
14,T,,-0.7002840789473684,,-2.1969200315789474
15,S,,-0.669255205263158,,-2.1896695947368423
16,D,,1.2102503,,-1.9205071421052633
17,K,,1.6111617684210529,,-1.8715740526315792
18,G,,-0.6711945052631579,,-2.201478352631579
19,K,,1.6111617684210529,,-1.8715740526315792
20,I,,0.013380184210526365,,-2.1033851684210525
21,P,,-0.7216164368421053,,-2.203489894736842
22,S,,-0.669255205263158,,-2.1896695947368423
23,K,,1.6111617684210529,,-1.8715740526315792
24,V,,-0.304665847368421,,-2.151083542105263
25,I,,0.013380184210526365,,-2.1033851684210525
26,K,,1.6111617684210529,,-1.8715740526315792
27,S,,-0.669255205263158,,-2.1896695947368423
28,Y,,-0.7216164368421053,,-2.206115342105263
29,Y,,-0.7216164368421053,,-2.206115342105263
30,G,,-0.6711945052631579,,-2.201478352631579
31,T,,-0.7002840789473684,,-2.1969200315789474
32,M,,-0.6110760473684211,,-2.1943259315789474
33,D,-9.60660597368421,1.2102503,,-2.087592452631579
34,I,-9.046987536842105,0.013380184210526365,,-2.126563721052632
35,K,-9.679658563157895,1.6111617684210529,,-2.0543204263157895
36,K,-9.487516710526316,1.6111617684210529,,-1.9899284842105265
37,I,-8.787340715789474,0.013380184210526365,,-2.063292521052632
38,N,-9.844986768421052,-0.3977524894736842,,-2.3466145631578947
39,E,-8.468865557894736,1.0919526894736842,,-1.8318280789473682
40,G,-8.702678521052631,-0.6711945052631579,,-2.1362437526315787
41,L,-9.383169068421052,-0.3182409789473684,,-2.2390669578947366
42,L,-8.187512857894736,-0.3182409789473684,,-1.9903016473684207
43,D,-8.944107847368421,1.2102503,,-1.8983665894736843
44,S,-9.511815126315788,-0.669255205263158,,-2.3237096947368423
45,K,-9.583454378947367,1.6111617684210529,,-2.0198240894736843
46,I,-9.659950736842106,0.013380184210526365,,-2.263154594736842
47,L,-9.532567115789474,-0.3182409789473684,,-2.2891287157894737
48,S,-8.557813099999999,-0.669255205263158,,-2.1046318157894737
49,A,-9.257985994736842,-0.6188332684210526,,-2.3032913789473684
50,F,-9.291985757894738,-0.196064752631579,,-2.2269569684210526
51,N,-9.42130322105263,-0.3977524894736842,,-2.267289731578947
52,T,-9.511002405263158,-0.7002840789473684,,-2.319649636842105
53,V,-10.001230321052631,-0.304665847368421,,-2.4522848894736846
54,I,-10.028108315789472,0.013380184210526365,,-2.3971325789473683
55,A,-9.219353931578947,-0.6188332684210526,,-2.245746047368421
56,L,-10.421955315789475,-0.3182409789473684,,-2.5688319210526314
57,L,-10.62122547368421,-0.3182409789473684,,-2.6705114578947367
58,G,-9.203786726315789,-0.6711945052631579,,-2.2564709789473683
59,S,-9.434965342105263,-0.669255205263158,,-2.3073514789473686
60,I,-10.418039389473684,0.013380184210526365,,-2.5041748789473686
61,V,-8.821330789473684,-0.304665847368421,,-2.1341786842105264
62,I,-10.022271315789474,0.013380184210526365,,-2.3499964736842105
63,I,-10.42897759473684,0.013380184210526365,,-2.5256008263157894
64,V,-9.406809047368421,-0.304665847368421,,-2.2619943526315787
65,M,-9.311218284210527,-0.6110760473684211,,-2.2733907105263156
66,N,-9.804347063157895,-0.3977524894736842,,-2.3843320210526318
67,I,-10.439877105263157,0.013380184210526365,,-2.5017035736842104
68,M,-9.477831321052632,-0.6110760473684211,,-2.323382963157895
69,I,-9.75288484736842,0.013380184210526365,,-2.2985886368421053
70,I,-10.719761868421052,0.013380184210526365,,-2.6133968736842106
71,Q,-8.880329342105263,-0.33957332631578946,,-2.1590492052631576
72,N,-8.803614657894736,-0.3977524894736842,,-2.095718742105263
73,Y,-8.609940400000001,-0.7216164368421053,,-2.1164114315789475
74,T,,-0.7002840789473684,,-2.1969200315789474
75,R,,2.8329239736842107,,-1.7512130052631578
76,S,,-0.669255205263158,,-2.1896695947368423
77,T,,-0.7002840789473684,,-2.1969200315789474
78,D,,1.2102503,,-1.9205071421052633
79,N,-9.732502210526315,-0.3977524894736842,,-2.3408838105263157
80,Q,-8.371463136842106,-0.33957332631578946,,-1.9958616
81,A,-9.259974505263157,-0.6188332684210526,,-2.2468681947368423
82,V,-4.647560515789474,-0.304665847368421,,-1.6265106210526317
83,I,-9.881980447368422,0.013380184210526365,,-2.3216311684210527
84,K,-8.993433894736842,1.6111617684210529,,-1.873168947368421
85,D,-8.411174573684212,1.2102503,,-1.8452643526315788
86,A,-8.035043884210527,-0.6188332684210526,,-2.0220939157894735
87,L,-10.420904821052632,-0.3182409789473684,,-2.522685963157895
88,Q,-9.360403057894736,-0.33957332631578946,,-2.239853826315789
89,G,-5.560036089473685,-0.6711945052631579,,-1.7214962157894735
90,I,-9.071327636842106,0.013380184210526365,,-2.1428388631578947
91,Q,-9.064208905263158,-0.33957332631578946,,-2.156571715789474
92,Q,-8.460625857894737,-0.33957332631578946,,-2.022874115789474
93,Q,-9.100865421052632,-0.33957332631578946,,-2.163413710526316
94,I,-10.414117184210525,0.013380184210526365,,-2.5093107368421053
95,K,-9.155144910526316,1.6111617684210529,,-1.9142515631578947
96,G,-7.794513852631579,-0.6711945052631579,-0.9123133000000001,-1.4325056789473685
97,L,-10.319853136842106,-0.3182409789473684,-1.0748213,-2.047700347368421
98,A,-7.558249994736843,-0.6188332684210526,-0.9785809,-1.393232257894737
99,D,-9.056502368421052,1.2102503,-0.9766046,-1.415679794736842
100,K,-9.279836494736841,1.6111617684210529,-1.2571604,-1.6097272105263158
101,I,-11.057903052631579,0.013380184210526365,-1.3787433,-2.498616147368421
102,G,-8.259055757894737,-0.6711945052631579,-1.2705237,-1.7220103368421051
103,T,-9.71047495263158,-0.7002840789473684,-1.1335788,-1.9458825631578947
104,E,-9.873544826315788,1.0919526894736842,-1.352626,-1.921300342105263
105,I,-10.832847184210527,0.013380184210526365,-1.5827695,-2.803159794736842
106,G,-8.45113655263158,-0.6711945052631579,-1.54184,-2.177291405263158
107,P,-10.926899242105263,-0.7216164368421053,-1.340289,-2.518953910526316
108,K,-9.400445194736841,1.6111617684210529,-1.5140611,-2.0126882157894737
109,V,-9.894107136842104,-0.304665847368421,-1.7130013000000002,-2.839840842105263
110,S,-9.586400110526316,-0.669255205263158,-1.4513528,-2.2730119736842105
111,L,-10.35788447368421,-0.3182409789473684,-1.5165987,-2.5571755421052633
112,I,-11.579162505263158,0.013380184210526365,-1.8506298999999997,-3.631298857894737
113,D,-8.698791489473685,1.2102503,-1.6984657000000003,-2.261906605263158
114,T,-10.034767452631579,-0.7002840789473684,-1.5457755,-2.5423130263157896
115,S,-9.35924012105263,-0.669255205263158,-1.8302371999999998,-3.0058118789473682
116,S,-9.299820778947367,-0.669255205263158,-1.9603830999999998,-3.388580152631579
117,T,-9.444159294736842,-0.7002840789473684,-1.6801609,-2.705171936842105
118,I,-10.381855147368421,0.013380184210526365,-1.6400035,-2.7513763842105265
119,T,-9.66489447368421,-0.7002840789473684,-1.7157923999999998,-2.7931465578947368
120,I,-11.467561389473685,0.013380184210526365,-2.0021251,-4.038743721052632
121,P,-13.129584105263158,-0.7216164368421053,-1.8622069,-4.309776257894737
122,A,-9.107672515789474,-0.6188332684210526,-1.7968482,-2.8414585315789473
123,N,-8.344601347368421,-0.3977524894736842,-1.8108192,-2.686247205263158
124,I,-10.565625663157896,0.013380184210526365,-2.0079316,-3.787916668421053
125,G,-8.541972963157894,-0.6711945052631579,-1.8509973000000002,-2.918980705263158
126,L,-8.442251084210525,-0.3182409789473684,-1.8341890000000003,-2.763684794736842
127,L,-9.822679910526315,-0.3182409789473684,-2.0811764,-3.7984666105263156
128,G,-9.440641721052632,-0.6711945052631579,-1.9917296,-3.4534819210526315
129,S,-9.212109952631579,-0.669255205263158,-1.8287587,-2.991542884210526
130,K,-9.035156173684209,1.6111617684210529,-1.8326182,-2.617713894736842
131,I,-10.844286484210526,0.013380184210526365,-2.0302849,-3.912088173684211
132,S,-9.436841394736842,-0.669255205263158,-1.7069755000000002,-2.717365505263158
133,Q,-9.717384726315789,-0.33957332631578946,-1.733377,-2.8062234315789474
134,S,-9.067051942105264,-0.669255205263158,-1.8665198999999997,-3.0452598789473684
135,T,-7.771567884210526,-0.7002840789473684,-1.8020083,-2.6532687157894737
136,A,-8.173940557894738,-0.6188332684210526,-1.5744157,-2.1701656210526314
137,S,-9.28941905263158,-0.669255205263158,-1.5716505,-2.392592147368421
138,I,-9.732229084210525,0.013380184210526365,-1.8306083,-3.005101142105263
139,N,-9.795728257894737,-0.3977524894736842,-1.6664975,-2.673940089473684
140,E,-9.261024894736842,1.0919526894736842,-1.43149,-1.876892910526316
141,N,-9.031259705263158,-0.3977524894736842,-1.5955258,-2.328549042105263
142,V,-8.6942075,-0.304665847368421,-1.699909,-2.508108010526316
143,N,-10.082567710526314,-0.3977524894736842,-1.4323089,-2.2787769
144,E,-7.412870731578947,1.0919526894736842,-1.2896303,-1.3301078315789474
145,K,-8.5132029,1.6111617684210529,-1.3511814,-1.5403788210526315
146,C,-9.205518242105263,-0.7177378263157895,-1.6219035,-2.4879463210526316
147,K,-8.2289236,1.6111617684210529,-1.253417,-1.373193752631579
148,F,-9.38796195263158,-0.196064752631579,-1.3724218,-2.0170786736842103
149,T,-9.645485310526317,-0.7002840789473684,-1.2315385,-1.9991847736842105
150,L,-8.66346187368421,-0.3182409789473684,-1.4395434,-1.9794578999999999
151,P,-10.266476363157896,-0.7216164368421053,-1.287918,-2.2328173052631577
152,P,-10.041966389473684,-0.7216164368421053,-1.3095659,-2.206752989473684
153,L,-9.580768831578947,-0.3182409789473684,-1.6166235,-2.528032389473684
154,K,-9.084392305263158,1.6111617684210529,-1.3267281,-1.6368961736842105
155,I,-10.516662557894737,0.013380184210526365,-1.7498831,-3.012942752631579
156,H,-10.39356744736842,0.7326565631578947,-1.5575529,-2.4333089368421055
157,E,-8.898264010526317,1.0919526894736842,-1.4750913,-1.9030266999999998
158,C,-8.820669131578947,-0.7177378263157895,-1.6941456,-2.555343010526316
159,N,-9.188148921052631,-0.3977524894736842,-1.3270472,-1.9300764105263157
160,I,-9.931720910526316,0.013380184210526365,-1.7239563000000002,-2.8144963842105266
161,S,-9.346448394736841,-0.669255205263158,-1.3808554,-2.0835636263157897
162,C,-10.554806315789474,-0.7177378263157895,-1.6948632,-3.011534389473684
163,P,-8.766482663157895,-0.7216164368421053,-1.328743,-1.9328851421052633
164,N,-9.806900852631578,-0.3977524894736842,-1.18078,-1.9644889684210527
165,P,-10.157567157894738,-0.7216164368421053,-1.2833145,-2.184508815789474
166,L,-8.334838847368422,-0.3182409789473684,-1.4618233,-1.9689250842105264
167,P,-8.998018021052632,-0.7216164368421053,-1.3956862,-2.011537547368421
168,F,-9.65001814736842,-0.196064752631579,-1.3314878,-2.099538568421053
169,R,-8.524179594736841,2.8329239736842107,-1.3244689,-1.3846455842105263
170,E,,1.0919526894736842,-1.2494936,-1.5906164736842106
171,Y,,-0.7216164368421053,-1.4618233,-2.137029084210526
172,R,,2.8329239736842107,-1.3122565,-1.475097010526316
173,P,-8.158212815789474,-0.7216164368421053,-1.4618233,-1.9732656578947367
174,Q,-6.9848215157894735,-0.33957332631578946,-1.296592,-1.4846845
175,T,-8.588986042105264,-0.7002840789473684,-1.4618233,-2.0869876789473683
176,E,-7.707159831578948,1.0919526894736842,-1.411277,-1.5647916105263158
177,G,-10.044751557894736,-0.6711945052631579,-1.6266708,-2.6910621894736844
178,V,-9.1639307,-0.304665847368421,-1.8008878,-2.8557376157894736
179,S,-8.97362002105263,-0.669255205263158,-1.4230728,-2.059268484210526
180,N,-7.909912100000001,-0.3977524894736842,-1.5994888,-2.1366116736842105
181,L,-10.444136815789474,-0.3182409789473684,-1.6937304000000002,-2.9117064105263157
182,V,-8.551269584210525,-0.304665847368421,-1.406784,-1.908485547368421
183,G,-9.132995552631579,-0.6711945052631579,-1.1804204,-1.8130937263157896
184,L,-8.534308189473684,-0.3182409789473684,-1.173394,-1.634421252631579
185,P,-9.915508042105262,-0.7216164368421053,-1.0183453,-1.9207569736842105
186,N,-8.312230242105263,-0.3977524894736842,-1.3937332,-1.819355394736842
187,N,-7.751557994736841,-0.3977524894736842,-1.039682,-1.3877635894736842
188,I,,0.013380184210526365,-1.4747871,-2.055291894736842
189,C,,-0.7177378263157895,-1.4144009,-2.064353463157895
190,L,,-0.3182409789473684,-1.1934366,-1.7552183421052632
191,Q,,-0.33957332631578946,-0.9829074999999999,-1.5905953473684211
192,K,,1.6111617684210529,-0.9880839,-1.3348107421052633
193,T,,-0.7002840789473684,-1.1405484,-1.7555456736842108
194,S,,-0.669255205263158,-0.9241804,-1.6238683684210526
195,N,,-0.3977524894736842,-1.0131624,-1.6158139842105264
196,Q,,-0.33957332631578946,-1.0801606,-1.6458219105263159
197,I,,0.013380184210526365,-1.3397269,-1.8605748631578949
198,L,,-0.3182409789473684,-1.6051321,-2.343671952631579
199,K,,1.6111617684210529,-1.2570184,-1.5345188578947369
200,P,,-0.7216164368421053,-1.5228148,-2.2375143947368423
201,K,-7.477789573684211,1.6111617684210529,-1.4749992,-1.5416385052631578
202,L,-9.472457078947368,-0.3182409789473684,-1.5926312,-2.449023489473684
203,I,-10.253443584210526,0.013380184210526365,-1.9098104,-3.368926942105263
204,S,,-0.669255205263158,-1.8042781000000003,-2.8370432210526317
205,Y,-8.677127257894737,-0.7216164368421053,-1.7233238,-2.583173584210526
206,T,-9.068780210526317,-0.7002840789473684,-2.0015009,-3.3863181842105265
207,L,-9.881652836842106,-0.3182409789473684,-2.0456516,-3.7129844263157894
208,P,-11.102060315789473,-0.7216164368421053,-1.9083106,-3.705704584210526
209,V,-7.690156636842105,-0.304665847368421,-1.8880799,-2.7934649210526317
210,V,-8.055246421052631,-0.304665847368421,-1.6864646,-2.328084989473684
211,G,-8.156160047368422,-0.6711945052631579,-1.5824896,-2.1915918368421052
212,Q,-7.422385668421052,-0.33957332631578946,-1.28157,-1.5376832736842105
213,S,-7.823695163157894,-0.669255205263158,-1.1681183,-1.5377772157894736
214,G,-9.172674878947369,-0.6711945052631579,-1.2371429,-1.897049405263158
215,T,-7.669443236842106,-0.7002840789473684,-1.4838716,-1.9086132263157893
216,C,-12.477661236842106,-0.7177378263157895,-1.633807,-3.513971805263158
217,I,-10.296797947368422,0.013380184210526365,-1.7915387,-3.0690535526315785
218,T,-8.889147410526316,-0.7002840789473684,-1.668435,-2.5071198315789474
219,D,-9.04959585263158,1.2102503,-1.7556716,-2.472459742105263
220,P,-12.082069789473683,-0.7216164368421053,-1.9117082,-4.051842878947368
221,L,-9.093660042105263,-0.3182409789473684,-2.0419949,-3.4975582473684206
222,L,-10.057337757894738,-0.3182409789473684,-2.0994315,-3.883489968421052
223,A,-9.465309568421054,-0.6188332684210526,-2.1485123,-3.9642696684210526
224,M,-8.243151142105264,-0.6110760473684211,-2.0399257,-3.352310215789474
225,D,-8.759055621052632,1.2102503,-1.7374083,-2.3716030263157895
226,E,-7.566666499999999,1.0919526894736842,-1.4931656,-1.6590903368421053
227,G,-9.885456221052632,-0.6711945052631579,-1.7327158,-2.9113765789473685
228,Y,-7.192649368421052,-0.7216164368421053,-1.7101912,-2.3093016210526316
229,F,-10.49366834736842,-0.196064752631579,-2.0913254,-4.007728478947368
230,A,-10.073980973684211,-0.6188332684210526,-2.1364964,-4.076019094736842
231,Y,-12.007806105263157,-0.7216164368421053,-2.0335482,-4.381918010526316
232,S,-10.264725505263158,-0.669255205263158,-1.9736960999999997,-3.6692027157894738
233,H,-10.818009236842107,0.7326565631578947,-1.8706225000000003,-3.2694939315789475
234,L,-9.491105,-0.3182409789473684,-1.6812583,-2.625101489473684
235,E,-9.243790484210527,1.0919526894736842,-1.6119188,-2.2025919999999997
236,R,-4.524532878947368,2.8329239736842107,-1.4926307,-1.1828865894736842
237,I,-9.029232636842105,0.013380184210526365,-1.2195415,-1.7307478210526317
238,G,-8.907393557894736,-0.6711945052631579,-1.1829118,-1.7958955473684213
239,S,-9.697487373684211,-0.669255205263158,-1.1738602,-1.9721185684210525
240,C,-12.606567368421052,-0.7177378263157895,-1.5272762,-3.359093163157895
241,S,-7.721560794736842,-0.669255205263158,-1.1301391,-1.5154309263157895
242,R,-9.125992621052632,2.8329239736842107,-1.0316292,-1.263055294736842
243,G,-9.113066021052632,-0.6711945052631579,-1.2183757,-1.8613907578947368
244,V,-7.511882605263159,-0.304665847368421,-1.0809514,-1.4156816157894736
245,S,-8.368947915789473,-0.669255205263158,-1.4812617,-2.0218974105263157
246,K,-8.624935631578946,1.6111617684210529,-1.3262666,-1.5464100578947368
247,Q,-7.9626079947368416,-0.33957332631578946,-1.5068081,-1.9310418789473682
248,R,-7.852532694736842,2.8329239736842107,-1.8078456999999999,-2.1883200526315787
249,I,-9.293302815789474,0.013380184210526365,-1.8226876,-2.8919981157894736
250,I,-9.993080547368422,0.013380184210526365,-1.9280560999999998,-3.400911147368421
251,G,-8.678614594736842,-0.6711945052631579,-1.9910302,-3.282521236842105
252,V,-9.989990263157896,-0.304665847368421,-2.0007993,-3.605996305263158
253,G,-13.559316552631577,-0.6711945052631579,-2.0135427,-4.916989152631579
254,E,-9.125681094736843,1.0919526894736842,-1.7463946,-2.4958409631578946
255,V,-10.23989382631579,-0.304665847368421,-1.9672643000000003,-3.5610483631578944
256,L,-8.234073010526316,-0.3182409789473684,-1.785692,-2.6005442263157894
257,D,-9.399844489473685,1.2102503,-1.6953045,-2.4204460263157896
258,R,-8.357553531578947,2.8329239736842107,-1.7392848999999997,-2.087689868421053
259,G,-9.349384494736842,-0.6711945052631579,-1.5515492,-2.384200552631579
260,D,-9.624489210526315,1.2102503,-1.4448404,-1.954904042105263
261,E,-7.6796713789473685,1.0919526894736842,-1.4175287,-1.5286969421052632
262,V,-8.434329331578947,-0.304665847368421,-1.7422114,-2.511028505263158
263,P,-12.208287263157894,-0.7216164368421053,-1.9316504999999997,-4.164121168421053
264,S,-8.905379457894737,-0.669255205263158,-1.9836663,-3.308613505263158
265,L,-9.340508652631579,-0.3182409789473684,-2.0894649,-3.72049817368421
266,F,-8.571549321052633,-0.196064752631579,-1.9325866,-3.026562247368421
267,M,-9.131601405263158,-0.6110760473684211,-1.9907336000000002,-3.4097693526315793
268,T,-9.583939373684212,-0.7002840789473684,-1.8679578,-3.191590931578947
269,N,-8.397705068421052,-0.3977524894736842,-1.8274001,-2.7088665842105266
270,V,-9.024760963157894,-0.304665847368421,-1.7959614000000002,-2.8089751263157896
271,W,-9.543775089473684,-0.5044142684210526,-1.6169138,-2.5189612157894734
272,T,-9.754420184210526,-0.7002840789473684,-1.4867053,-2.3377393526315786
273,P,-8.68777629473684,-0.7216164368421053,-1.5641186,-2.2426102578947367
274,P,-7.065018510526316,-0.7216164368421053,-1.1821734,-1.518553952631579
275,N,-9.285246257894737,-0.3977524894736842,-1.2026986,-1.8404610421052632
276,P,-8.75313214736842,-0.7216164368421053,-1.3917984,-1.9744107473684211
277,N,-7.794716263157894,-0.3977524894736842,-1.2753053,-1.5978870157894738
278,T,-8.5098781,-0.7002840789473684,-1.3726244,-1.8901656210526316
279,V,-8.392902547368422,-0.304665847368421,-1.7114512999999998,-2.465757342105263
280,Y,-7.756183736842106,-0.7216164368421053,-1.5758497,-2.1366921368421052
281,H,-9.483825621052631,0.7326565631578947,-1.7728650000000001,-2.7213562894736842
282,C,-13.72300647368421,-0.7177378263157895,-1.9743361,-4.872760878947368
283,S,-11.598057757894738,-0.669255205263158,-2.0015866,-4.150532263157895
284,A,-7.618424221052632,-0.6188332684210526,-2.10014,-3.4520349684210525
285,V,-9.39378912631579,-0.304665847368421,-1.8843663000000002,-3.149153547368421
286,Y,-9.081896410526316,-0.7216164368421053,-1.6972686,-2.6571395315789474
287,N,-7.445421736842104,-0.3977524894736842,-1.5264122,-1.9250028210526313
288,N,-6.700542194736842,-0.3977524894736842,-1.2287885,-1.4185410631578947
289,E,-7.514266205263158,1.0919526894736842,-1.425704,-1.5283278526315789
290,F,-8.831944494736842,-0.196064752631579,-1.5179796,-2.1202929315789474
291,Y,-9.004972789473683,-0.7216164368421053,-1.9981142,-3.419427747368421
292,Y,-10.412276405263158,-0.7216164368421053,-1.66754,-2.9086718
293,V,-8.334854894736843,-0.304665847368421,-1.9640936,-3.1639580263157896
294,L,-11.669459210526316,-0.3182409789473684,-1.8369689,-3.6652691526315793
295,C,-13.934515605263156,-0.7177378263157895,-1.8986900000000002,-4.7512599
296,A,-9.021195321052632,-0.6188332684210526,-1.7520782000000001,-2.7322901578947367
297,V,-9.312188405263157,-0.304665847368421,-1.452753,-2.133001847368421
298,S,-9.675440889473684,-0.669255205263158,-1.4919228,-2.3476654894736844
299,T,-6.1107178157894735,-0.7002840789473684,-1.0915104,-1.2927172263157896
300,V,-9.891094105263159,-0.304665847368421,-1.1982786,-1.988485505263158
301,G,-8.588288878947369,-0.6711945052631579,-1.3345533,-1.8724438578947367
302,D,-9.545252689473685,1.2102503,-1.5523062,-2.1463218315789474
303,P,,-0.7216164368421053,-1.6796047,-2.552593589473684
304,I,,0.013380184210526365,-1.6584567,-2.405911821052632
305,L,,-0.3182409789473684,-1.2982369,-1.8607114473684212
306,N,-9.186539510526316,-0.3977524894736842,-1.1216759,-1.7250025736842105
307,S,-9.724946710526316,-0.669255205263158,-1.4017831,-2.232930247368421
308,T,-8.875273021052632,-0.7002840789473684,-1.0718088,-1.706112552631579
309,Y,-9.429093226315791,-0.7216164368421053,-0.8876272,-1.7525218684210528
310,W,-8.781176178947367,-0.5044142684210526,-1.5823658,-2.2784446789473685
311,S,-8.927390578947367,-0.669255205263158,-1.1707993,-1.7720623052631579
312,G,-8.538747663157896,-0.6711945052631579,-1.4405937,-2.049704457894737
313,S,,-0.669255205263158,-1.3081349,-1.908731794736842
314,L,-10.729209447368422,-0.3182409789473684,-1.6385173,-2.8888496157894736
315,M,-7.8351761210526325,-0.6110760473684211,-1.5689835,-2.1114721315789473
316,M,-7.478721321052632,-0.6110760473684211,-1.6902895000000002,-2.2937219684210524
317,T,-8.602503736842106,-0.7002840789473684,-1.7426416,-2.6165067
318,R,-9.286765710526316,2.8329239736842107,-1.4963085,-1.8023840210526316
319,L,-11.150515926315789,-0.3182409789473684,-1.8553940999999998,-3.561387252631579
320,A,-9.380907615789473,-0.6188332684210526,-1.652111,-2.5952029210526315
321,V,-9.633734378947368,-0.304665847368421,-1.7813196,-2.9130899
322,K,-8.68738744736842,1.6111617684210529,-1.4592165,-1.7822777789473683
323,P,-9.25309662631579,-0.7216164368421053,-1.6350528,-2.554278194736842
324,K,-9.062570552631579,1.6111617684210529,-1.1920679,-1.4740505789473684
325,S,-6.430204694736842,-0.669255205263158,-1.1681844,-1.3601106789473685
326,N,-7.808169721052632,-0.3977524894736842,-1.0954976,-1.4327632736842106
327,G,-6.9296971473684215,-0.6711945052631579,-1.2496359,-1.535812547368421
328,G,-7.021159894736843,-0.6711945052631579,-1.3206562,-1.6104884789473684
329,G,-3.192578757894737,-0.6711945052631579,-1.2983774,-1.2881622631578948
330,Y,-10.37094274736842,-0.7216164368421053,-1.3986082,-2.4163100263157897
331,N,-9.261252921052632,-0.3977524894736842,-1.5195766,-2.245655989473684
332,Q,-9.011590257894737,-0.33957332631578946,-1.5600562,-2.2594030842105264
333,H,-7.612288642105263,0.7326565631578947,-1.3238992,-1.431746842105263
334,Q,-7.5010922052631575,-0.33957332631578946,-1.3322578,-1.5842427736842104
335,L,-5.796544136842105,-0.3182409789473684,-1.3750615,-1.5068019157894736
336,A,-8.27978504736842,-0.6188332684210526,-1.1695538,-1.6417872
337,L,-8.62248152631579,-0.3182409789473684,-1.4343063,-2.0071593263157896
338,R,-7.962800621052631,2.8329239736842107,-1.0384557,-1.0511802368421053
339,S,-4.960706268421053,-0.669255205263158,-1.1050097,-1.1896822736842105
340,I,,0.013380184210526365,-1.3512427,-1.8751499578947368
341,E,-9.073672631578948,1.0919526894736842,-1.1433632,-1.517776352631579
342,K,,1.6111617684210529,-1.2256423,-1.503327157894737
343,G,-9.239575763157895,-0.6711945052631579,-1.0857376,-1.784195857894737
344,R,-4.219048757894737,2.8329239736842107,-1.1022933,-0.7137094421052632
345,Y,-10.822455157894737,-0.7216164368421053,-1.4603564,-2.647835847368421
346,D,-9.858613705263158,1.2102503,-1.1966343,-1.7595596473684212
347,K,-9.281702957894737,1.6111617684210529,-1.33878,-1.7053565421052632
348,V,-9.264905415789473,-0.304665847368421,-1.5953588,-2.4265174684210526
349,M,-8.481082305263158,-0.6110760473684211,-1.8113040000000002,-2.746793189473684
350,P,-11.261358947368421,-0.7216164368421053,-1.8799696,-3.695583542105263
351,Y,-9.28677527368421,-0.7216164368421053,-1.8708162999999998,-3.148840652631579
352,G,-9.372385057894737,-0.6711945052631579,-2.0176717,-3.5346453631578947
353,P,-9.788718836842106,-0.7216164368421053,-2.0840005,-3.8627625
354,S,-10.297954321052632,-0.669255205263158,-2.1123159,-4.0588624736842105
355,G,-13.22154807894737,-0.6711945052631579,-1.9818568,-4.694483842105264
356,I,-10.500655257894737,0.013380184210526365,-1.7512078000000002,-3.0394447789473684
357,K,-8.923529415789474,1.6111617684210529,-1.542274,-1.9304193368421052
358,Q,-8.501374910526316,-0.33957332631578946,-1.3750295,-1.808524531578947
359,G,-9.66780177368421,-0.6711945052631579,-1.2097519,-1.9631438210526315
360,D,-10.002216557894736,1.2102503,-1.2344118,-1.854587852631579
361,T,-9.074517447368422,-0.7002840789473684,-1.4314936,-2.1399396105263158
362,L,-10.894820347368421,-0.3182409789473684,-1.7216294000000003,-3.1372344421052634
363,Y,-10.188078342105262,-0.7216164368421053,-1.59723,-2.7033778052631576
364,F,-11.618858,-0.196064752631579,-1.8835167999999998,-3.7459097894736844
365,P,-11.427242805263159,-0.7216164368421053,-1.9869744,-4.054068931578947
366,A,-9.511169405263157,-0.6188332684210526,-1.8568511,-3.150109142105263
367,V,-8.789675989473684,-0.304665847368421,-1.8279572999999998,-2.8099666052631576
368,G,-11.643021421052632,-0.6711945052631579,-1.6749487,-3.3102488789473683
369,F,-9.044912205263158,-0.196064752631579,-1.5997038,-2.322439089473684
370,L,-10.314363157894737,-0.3182409789473684,-1.289279,-2.199619442105263
371,V,-7.411569726315789,-0.304665847368421,-1.0616365,-1.370539157894737
372,R,-8.908440878947369,2.8329239736842107,-1.1074477,-1.250719947368421
373,T,-9.031188910526316,-0.7002840789473684,-0.8400804,-1.6005890105263159
374,E,-8.840794610526316,1.0919526894736842,-0.9648373,-1.3969870736842105
375,F,,-0.196064752631579,-1.2472678,-1.7878782736842107
376,K,-6.8120341842105265,1.6111617684210529,-0.8875911,-0.9517996
377,Y,-9.086901163157895,-0.7216164368421053,-1.1909381,-1.8264893105263156
378,N,-9.156507010526315,-0.3977524894736842,-0.8415036,-1.5943505421052633
379,D,-9.160307242105263,1.2102503,-0.9383246999999999,-1.4365918736842105
380,S,-9.011458478947368,-0.669255205263158,-0.7893984,-1.578725447368421
381,N,-8.781998442105262,-0.3977524894736842,-0.9478279999999999,-1.5295567789473683
382,C,-11.299913894736841,-0.7177378263157895,-1.2891258,-2.5419383315789474
383,P,-8.773697678947368,-0.7216164368421053,-1.0891169,-1.6667507842105262
384,I,-6.367473405263158,0.013380184210526365,-1.0024308,-1.1942220842105262
385,T,-4.588353221052631,-0.7002840789473684,-0.7766402,-1.0398512789473684
386,K,-5.6959164,1.6111617684210529,-0.772791,-0.7669870052631579
387,C,-13.731981789473684,-0.7177378263157895,-1.1059448,-3.2965511210526315
388,Q,-8.096403389473684,-0.33957332631578946,-0.7052686,-1.3601008842105262
389,Y,-8.374871494736842,-0.7216164368421053,-0.729454,-1.4511578157894736
390,S,-8.769071852631578,-0.669255205263158,-1.1390478,-1.684765047368421
391,K,-8.181814010526315,1.6111617684210529,-0.9252088999999999,-1.1725018684210526
392,P,-7.817983542105264,-0.7216164368421053,-0.9390949999999999,-1.4105444999999999
393,E,-9.434621684210526,1.0919526894736842,-0.9276943,-1.499105847368421
394,N,-8.978480231578947,-0.3977524894736842,-1.1786931,-1.727224363157895
395,C,-11.384653157894737,-0.7177378263157895,-1.3486574,-2.6544516105263156
396,R,-9.320119684210525,2.8329239736842107,-1.0198691,-1.309380357894737
397,L,-8.676494405263158,-0.3182409789473684,-1.085946,-1.5980455
398,S,-10.625581457894738,-0.669255205263158,-1.4160747,-2.5178349368421054
399,M,-9.056486447368421,-0.6110760473684211,-1.479458,-2.1731902789473683
400,G,-8.152022563157894,-0.6711945052631579,-1.4494428,-1.912456563157895
401,I,-8.446912236842104,0.013380184210526365,-1.4140398,-1.856897657894737
402,R,-8.113509378947368,2.8329239736842107,-1.0788847,-1.106526452631579
403,P,-7.018355494736841,-0.7216164368421053,-1.0333291,-1.3577804947368421
404,N,-7.736919189473684,-0.3977524894736842,-0.8990575999999999,-1.3313608894736841
405,S,-9.870329157894735,-0.669255205263158,-1.2537717,-2.048004652631579
406,H,-8.740549168421053,0.7326565631578947,-1.0016992,-1.4075792684210526
407,Y,-8.69447095263158,-0.7216164368421053,-1.2752957,-1.8228182894736842
408,I,-7.870187878947368,0.013380184210526365,-1.3850347,-1.7251739894736842
409,L,-9.157499631578947,-0.3182409789473684,-1.6545942,-2.5065141421052632
410,R,-9.167714936842104,2.8329239736842107,-1.4439704,-1.7244884684210526
411,S,-9.8527189,-0.669255205263158,-1.8397288000000003,-3.1443785105263156
412,G,-10.811044789473684,-0.6711945052631579,-1.7692173,-3.251926952631579
413,L,-10.180872878947369,-0.3182409789473684,-1.7747189,-3.0507985
414,L,-10.69687384736842,-0.3182409789473684,-1.7627824999999997,-3.166849994736842
415,K,-8.964442157894737,1.6111617684210529,-1.3997599,-1.7232876999999998
416,Y,-9.03812762631579,-0.7216164368421053,-1.5098091,-2.2521052210526316
417,N,-9.10109675263158,-0.3977524894736842,-1.2530589,-1.8355230368421054
418,L,-9.957008815789473,-0.3182409789473684,-1.4695823,-2.307352952631579
419,S,-8.962508357894738,-0.669255205263158,-1.0917728,-1.7302686473684212
420,D,-8.468409436842105,1.2102503,-1.1258063,-1.3770469052631578
421,G,-5.391659389473684,-0.6711945052631579,-1.0174946,-1.164871657894737
422,E,-8.075497331578948,1.0919526894736842,-0.9656246,-1.232057757894737
423,N,-6.751021578947368,-0.3977524894736842,-1.093952,-1.3017943947368422
424,P,-5.551931263157894,-0.7216164368421053,-1.1313583,-1.2816216842105264
425,K,-8.246723310526315,1.6111617684210529,-1.1334191,-1.2823902368421052
426,V,-2.5358726105263156,-0.304665847368421,-1.5652364,-1.635467294736842
427,V,-5.717127794736842,-0.304665847368421,-1.3342446,-1.4498074157894738
428,F,-9.419950857894737,-0.196064752631579,-1.6462389,-2.559076668421053
429,I,-8.913378310526316,0.013380184210526365,-1.5117489,-2.0993583263157896
430,E,-8.749691636842106,1.0919526894736842,-1.324594,-1.6321036105263158
431,I,-10.556226184210526,0.013380184210526365,-1.6236871,-2.745880315789474
432,S,-8.199671631578946,-0.669255205263158,-1.2880473,-1.7123954
433,D,-8.525393894736842,1.2102503,-1.1561944,-1.3899078684210526
434,Q,-7.963568405263158,-0.33957332631578946,-1.177281,-1.5184854421052632
435,R,-8.676141005263156,2.8329239736842107,-1.3821365,-1.5216026894736843
436,L,-9.10773022631579,-0.3182409789473684,-1.441215,-2.103020173684211
437,S,-7.87878732631579,-0.669255205263158,-1.6196775,-2.190739815789474
438,I,-9.237188936842106,0.013380184210526365,-1.6593594,-2.4746065578947367
439,G,-11.7452265,-0.6711945052631579,-1.8226858,-3.687767789473684
440,S,-11.070730057894737,-0.669255205263158,-1.906294,-3.688113752631579
441,P,-9.537356784210527,-0.7216164368421053,-1.9183406,-3.2931087894736844
442,S,-10.139484536842106,-0.669255205263158,-1.9425048,-3.5321052789473684
443,K,-9.964641410526315,1.6111617684210529,-2.0311438,-3.4225926
444,I,-9.916375368421052,0.013380184210526365,-1.8597998000000002,-3.1309705473684213
445,Y,-10.616551389473685,-0.7216164368421053,-1.9052532,-3.5997925736842107
446,D,-7.196215147368421,1.2102503,-1.6207826,-1.835011884210526
447,S,-9.390907631578948,-0.669255205263158,-1.7662137,-2.813738805263158
448,L,-8.892770926315789,-0.3182409789473684,-1.5260313,-2.1614264
449,G,-9.699642763157895,-0.6711945052631579,-1.3054726,-2.0927303157894737
450,Q,-9.708833421052631,-0.33957332631578946,-1.3489074,-2.0814624263157895
451,P,-8.217718878947368,-0.7216164368421053,-1.5541014,-2.155400468421053
452,V,-9.125048194736843,-0.304665847368421,-1.7662352,-2.767817257894737
453,F,-9.456716384210527,-0.196064752631579,-1.8305706,-3.0178045631578945
454,Y,-12.805667289473684,-0.7216164368421053,-1.8965717,-4.291084047368422
455,Q,-10.793383131578947,-0.33957332631578946,-1.8430677,-3.3621818210526313
456,A,-8.844913,-0.6188332684210526,-1.9064956,-3.082964378947368
457,S,-11.563910210526316,-0.669255205263158,-1.7120017,-3.354087642105263
458,F,-7.292705347368422,-0.196064752631579,-1.7470769,-2.3405715789473684
459,S,-11.821433657894737,-0.669255205263158,-1.6091479,-3.2409454789473684
460,W,-12.22896847368421,-0.5044142684210526,-1.4708227,-3.099981310526316
461,D,-8.833499205263157,1.2102503,-1.498504,-1.9007759789473682
462,T,-9.77271477894737,-0.7002840789473684,-1.5187953,-2.4170385210526315
463,M,-8.703182810526314,-0.6110760473684211,-1.3599826,-1.909135842105263
464,I,-8.668077942105263,0.013380184210526365,-1.7363685000000002,-2.556899368421053
465,K,-8.708952257894737,1.6111617684210529,-1.685631,-2.171602094736842
466,F,-8.176950494736841,-0.196064752631579,-1.7660313,-2.538780005263158
467,G,-10.759923052631578,-0.6711945052631579,-1.6398227,-2.9224631105263157
468,D,-8.521728505263159,1.2102503,-1.4426129,-1.7207523000000002
469,V,-10.576033657894737,-0.304665847368421,-1.6009733,-2.8109493789473685
470,L,-1.285506405263158,-0.3182409789473684,-1.1761117,-1.0786775368421053
471,T,-9.139317552631578,-0.7002840789473684,-1.1651979,-1.8298224210526317
472,V,-8.564899736842104,-0.304665847368421,-1.5023944,-2.0324000368421054
473,N,-8.351241257894737,-0.3977524894736842,-1.2783146,-1.6916877421052632
474,P,-9.72636007368421,-0.7216164368421053,-1.1524871,-1.9417273210526313
475,L,-9.704175336842106,-0.3182409789473684,-1.674693,-2.694115436842105
476,V,-7.92307,-0.304665847368421,-1.2905768,-1.6770086
477,V,-9.748422757894737,-0.304665847368421,-1.6423177,-2.6493360315789474
478,N,-6.179305221052632,-0.3977524894736842,-1.191951,-1.356992394736842
479,W,-10.658501842105263,-0.5044142684210526,-1.5859144,-2.7919399368421054
480,R,-8.449533542105263,2.8329239736842107,-1.4151378,-1.493983194736842
481,N,-4.458968331578947,-0.3977524894736842,-1.0475091,-1.0707530105263157
482,N,-8.527202410526316,-0.3977524894736842,-1.5244107,-2.088641047368421
483,T,-8.42652969473684,-0.7002840789473684,-1.1336168,-1.6330416263157894
484,V,-9.809878615789474,-0.304665847368421,-1.2995551,-2.061050794736842
485,I,-9.369343036842105,0.013380184210526365,-1.6576992,-2.5351165368421054
486,S,-10.658257842105263,-0.669255205263158,-1.5267065,-2.666387989473684
487,R,-12.272367736842105,2.8329239736842107,-1.6472021,-3.003681357894737
488,P,-12.675989999999999,-0.7216164368421053,-1.6047205,-3.528279168421052
489,G,-11.087945236842106,-0.6711945052631579,-1.4686323,-2.7405092421052633
490,Q,-8.910143463157894,-0.33957332631578946,-1.1713966,-1.6842760736842106
491,S,-8.977208089473685,-0.669255205263158,-0.9623095000000002,-1.647227457894737
492,Q,-8.18065752631579,-0.33957332631578946,-1.103978,-1.4827264473684212
493,C,-13.801311315789475,-0.7177378263157895,-1.5081822,-3.806489573684211
494,P,-9.980953894736842,-0.7216164368421053,-1.1970199,-2.056945694736842
495,R,-8.764185815789475,2.8329239736842107,-1.3804267,-1.5047127263157893
496,F,-8.32679500526316,-0.196064752631579,-1.2517952,-1.6812059526315788
497,N,-9.960259631578948,-0.3977524894736842,-1.2946379,-2.0737988263157896
498,T,-5.877235863157895,-0.7002840789473684,-1.1887921,-1.3318916947368422
499,C,-12.713195789473685,-0.7177378263157895,-1.2188651,-2.986859531578947
500,P,-12.766232078947368,-0.7216164368421053,-1.3499341,-3.147073615789474
501,E,-8.741117757894736,1.0919526894736842,-1.2642821,-1.537493447368421
502,I,-5.308442705263158,0.013380184210526365,-1.1751277,-1.2075982631578948
503,C,-12.3719,-0.7177378263157895,-1.4845913,-3.195162747368421
504,W,-9.2812821,-0.5044142684210526,-1.4831136,-2.2084839631578945
505,E,-9.170811694736843,1.0919526894736842,-1.392372,-1.7974921052631578
506,G,-12.280980131578948,-0.6711945052631579,-1.6500903,-3.4785375157894736
507,V,-9.202521094736841,-0.304665847368421,-1.7289089,-2.6943101263157896
508,Y,-11.780681368421051,-0.7216164368421053,-1.9976953,-4.182990731578947
509,N,-9.951409536842105,-0.3977524894736842,-1.8281128,-3.091514252631579
510,D,-12.230818894736842,1.2102503,-2.0386972,-4.1934864526315785
511,A,-9.353795184210526,-0.6188332684210526,-1.9263315,-3.2784389052631577
512,F,-9.601151263157895,-0.196064752631579,-1.9376413,-3.288209105263158
513,L,-9.36255847368421,-0.3182409789473684,-1.7109238,-2.697738305263158
514,I,-10.486954447368422,0.013380184210526365,-1.7955611,-3.172983915789474
515,D,-9.7520174,1.2102503,-1.4338665,-2.034404289473684
516,R,-7.790822831578947,2.8329239736842107,-1.4143719,-1.3426930157894736
517,I,-6.713664863157895,0.013380184210526365,-1.0082128,-1.1826997578947367
518,N,-9.652170263157894,-0.3977524894736842,-1.1530522,-1.8642824052631581
519,W,-8.282367942105264,-0.5044142684210526,-1.5153737,-2.0286701368421056
520,I,-7.757057631578948,0.013380184210526365,-1.5287421,-1.911837452631579
521,S,-9.145809784210527,-0.669255205263158,-1.8086468,-2.903015642105263
522,A,-9.769505531578949,-0.6188332684210526,-1.9400685999999998,-3.4094721210526315
523,G,-9.368710205263158,-0.6711945052631579,-1.9987123,-3.5021432736842106
524,V,-10.163914694736842,-0.304665847368421,-1.9171494,-3.397791331578947
525,F,-8.227699663157896,-0.196064752631579,-1.8140561000000002,-2.694477989473684
526,L,-11.658746,-0.3182409789473684,-1.7281845000000002,-3.3807901
527,D,-9.12304375263158,1.2102503,-1.4010704,-1.8006923
528,S,-10.266829615789474,-0.669255205263158,-1.3535906,-2.297574357894737
529,N,-8.258422831578947,-0.3977524894736842,-1.1089247,-1.522477742105263
530,Q,-9.03291724736842,-0.33957332631578946,-1.0294569,-1.6230222315789475
531,T,-9.140853163157894,-0.7002840789473684,-1.1998498,-1.8402679842105265
532,A,-9.099394242105264,-0.6188332684210526,-1.5751292,-2.346305947368421
533,E,-9.827016721052631,1.0919526894736842,-1.315515,-1.8615038105263157
534,N,-10.958541131578947,-0.3977524894736842,-1.4033585,-2.5216267210526317
535,P,-12.151354315789474,-0.7216164368421053,-1.7285721000000003,-3.5941733894736845
536,V,-9.4493986,-0.304665847368421,-1.5374315,-2.2987691263157894
537,F,-8.976800131578948,-0.196064752631579,-1.8856556000000002,-3.0206497
538,T,-8.313103915789474,-0.7002840789473684,-1.6577016,-2.392656147368421
539,V,-10.003732784210527,-0.304665847368421,-1.7260790000000001,-2.855725294736842
540,F,-9.572721842105262,-0.196064752631579,-1.7157354000000002,-2.6951520263157893
541,K,-9.02645394736842,1.6111617684210529,-1.2506914,-1.559339842105263
542,D,-8.687615605263158,1.2102503,-1.3262216,-1.6036545315789474
543,N,-9.184249042105264,-0.3977524894736842,-1.0594704,-1.7174008157894736
544,E,-8.576007973684211,1.0919526894736842,-1.1182413,-1.4006604578947368
545,I,-6.155633210526315,0.013380184210526365,-1.3804136,-1.5037031315789473
546,L,-9.785911152631579,-0.3182409789473684,-1.3978232,-2.201885415789474
547,Y,-9.354485694736843,-0.7216164368421053,-1.5592536,-2.38101762631579
548,R,-8.124425057894737,2.8329239736842107,-1.2413586,-1.2085705999999998
549,A,-8.182035736842105,-0.6188332684210526,-1.4689127,-1.974260305263158
550,Q,-8.224500036842105,-0.33957332631578946,-1.2609762,-1.6645445368421052
551,L,-10.634380184210526,-0.3182409789473684,-1.7338549,-3.0960256999999998
552,A,-8.613181742105263,-0.6188332684210526,-1.5385059,-2.2039983210526315
553,S,-8.284430242105264,-0.669255205263158,-1.1705463,-1.6467130315789473
554,E,-7.918077994736842,1.0919526894736842,-1.0350095,-1.203688752631579
555,D,-8.759116715789473,1.2102503,-1.0337285,-1.3630460894736842
556,T,-9.700590489473685,-0.7002840789473684,-1.4035995,-2.2696166000000004
557,N,-9.414191031578946,-0.3977524894736842,-1.3671718,-2.0557001263157897
558,A,-10.809438631578947,-0.6188332684210526,-1.7384926,-3.1690720736842106
559,Q,-8.537632894736841,-0.33957332631578946,-1.563451,-2.1554209631578947
560,K,-9.506909884210526,1.6111617684210529,-1.8848292000000002,-2.857201857894737
561,T,-11.046065368421054,-0.7002840789473684,-1.9253263,-3.735413231578947
562,I,-9.817851810526316,0.013380184210526365,-2.0505481,-3.6760701000000005
563,T,-11.482193789473685,-0.7002840789473684,-2.0614523,-4.2728888000000005
564,N,-8.075253157894737,-0.3977524894736842,-2.0569728,-3.3353654526315792
565,C,-13.8372065,-0.7177378263157895,-2.0042597,-5.017674031578947
566,F,-12.390923789473684,-0.196064752631579,-1.888795,-4.051633452631579
567,L,-9.240057710526315,-0.3182409789473684,-1.5351445,-2.2621651684210526
568,L,-8.894643742105263,-0.3182409789473684,-1.7063133999999998,-2.5098331631578947
569,K,-7.878951110526316,1.6111617684210529,-1.417471,-1.5054965789473684
570,N,-9.307684568421053,-0.3977524894736842,-1.1769236,-1.7777551842105264
571,K,-9.24691612631579,1.6111617684210529,-1.2890651,-1.6186429789473684
572,I,-10.288185578947369,0.013380184210526365,-1.6776173,-2.7766176105263156
573,W,-11.403583689473685,-0.5044142684210526,-1.7579416,-3.4008918105263155
574,C,-14.202569184210526,-0.7177378263157895,-2.0107271,-5.191185336842105
575,I,-10.109905000000001,0.013380184210526365,-2.0041312,-3.5652569368421054
576,S,-10.213555468421053,-0.669255205263158,-1.9833836,-3.650160305263158
577,L,-10.294677715789472,-0.3182409789473684,-2.0225083,-3.7475932000000003
578,V,-9.833068842105263,-0.304665847368421,-1.8782409,-3.2134327894736843
579,E,-12.032579921052632,1.0919526894736842,-1.7948269999999997,-3.4594546
580,I,-10.143988421052631,0.013380184210526365,-1.6745344,-2.762161768421053
581,Y,-9.072059978947369,-0.7216164368421053,-1.2337751,-1.8941370947368419
582,D,-9.78757187894737,1.2102503,-1.3096592,-1.8258259315789473
583,T,-9.510915631578948,-0.7002840789473684,-1.1315517,-1.897395247368421
584,G,-10.270244284210525,-0.6711945052631579,-1.1857716,-2.1326765
585,D,-9.946385421052632,1.2102503,-1.2873658,-1.8585368315789474
586,N,-8.44313122631579,-0.3977524894736842,-1.0759603,-1.5403804894736843
587,V,-9.047019657894737,-0.304665847368421,-1.4172718,-2.0600926684210528
588,I,-10.65576494736842,0.013380184210526365,-1.5832879,-2.6739400210526316
589,R,-9.438116694736841,2.8329239736842107,-1.5813872,-2.033077852631579
590,P,-12.472193736842105,-0.7216164368421053,-1.8715783000000001,-4.105685563157895
591,K,-8.825240178947368,1.6111617684210529,-1.6153691,-2.044129457894737
592,L,-10.453687210526317,-0.3182409789473684,-1.9917334,-3.694702915789474
593,F,-9.981162631578947,-0.196064752631579,-1.7508133,-2.8961511421052633
594,A,-9.20245047894737,-0.6188332684210526,-1.8777165,-3.104637547368421
595,V,-9.85515385263158,-0.304665847368421,-1.7990076000000002,-3.0517524684210526
596,K,,1.6111617684210529,-1.4669825,-1.8107828210526318
597,I,,0.013380184210526365,-1.7402809000000001,-2.592760410526316
598,P,,-0.7216164368421053,-1.4826213,-2.168324194736842
599,E,,1.0919526894736842,-1.2066131,-1.549356752631579
600,Q,,-0.33957332631578946,-1.0458922,-1.6245812
601,C,,-0.7177378263157895,-1.2053136,-1.8188196894736843
602,T,,-0.7002840789473684,-0.925479,-1.6316550736842104
