i,wt,bloom_ace2_binding,bloom_expression,chan_expression,chan_ace2_binding,fitness_eve,dissimilarity_charge_hydro,accessibility_wcn,evescape,max_escape_experiment_bloom,is_escape_experiment_bloom,max_escape_experiment_xie,is_escape_experiment_xie,is_escape_experiment_all
331,N,-0.035263157894736843,-0.57,,,-7.974551242105264,-0.3977524894736842,-1.3668437,-2.4483696684210527,0.041458947368421054,0.0,0.018763894736842104,0.0,0.0
332,I,-0.02263157894736842,-0.03368421052631579,,,-7.589256836842105,0.013380184210526365,-1.5200156,-2.572590547368421,0.05522684210526316,0.0,0.00819721052631579,0.0,0.0
333,T,-0.05894736842105264,-0.4784210526315789,,,,-0.7002840789473684,-1.2477205,-1.9544848421052634,0.04326105263157895,0.0,0.009377947368421053,0.0,0.0
334,N,-0.07789473684210527,-0.36526315789473685,,,-6.400005773684211,-0.3977524894736842,-1.3606072,-2.0832490105263157,0.051207894736842105,0.0,0.5569105263157895,0.0,0.0
335,L,-0.013157894736842105,-0.0931578947368421,,,-5.562740610526316,-0.3182409789473684,-1.4066817,-2.021528947368421,0.058604736842105265,0.0,0.5719458421052631,0.3684210526315789,0.3684210526315789
336,C,-0.7063157894736842,-1.5478947368421052,-3.8005263157894733,-2.7905263157894735,-9.547719221052631,-0.7177378263157895,-1.8598799,-3.9874671315789474,0.05201578947368421,0.05263157894736842,0.05262526315789474,0.0,0.05263157894736842
337,P,-0.19105263157894736,-0.5621052631578948,-0.7194736842105264,-0.6105263157894737,-7.6923962999999995,-0.7216164368421053,-1.4730817,-2.612131042105263,0.7160894736842106,0.7368421052631579,0.5647,0.3157894736842105,0.7368421052631579
338,F,-0.8010526315789473,-1.6763157894736842,-2.6742105263157896,-2.166315789473684,-8.214157610526316,-0.196064752631579,-1.7064436999999997,-3.1606405421052632,0.014967894736842104,0.0,0.039677894736842106,0.0,0.0
339,G,-0.09105263157894737,-0.2310526315789474,1.1194736842105264,0.6210526315789474,-4.8207725,-0.6711945052631579,-1.3655081,-1.894988494736842,0.05318210526315789,0.0,0.6283052631578947,0.05263157894736842,0.05263157894736842
340,E,-0.2673684210526316,-0.9263157894736843,-0.6678947368421052,-0.36631578947368415,-4.600222931578948,1.0919526894736842,-1.3195654,-1.5417418842105264,0.5723368421052631,0.5789473684210527,0.46168947368421054,0.15789473684210525,0.5789473684210527
341,V,-0.8105263157894737,-1.6726315789473685,-3.2810526315789477,-2.3073684210526313,-7.044053884210526,-0.304665847368421,-1.6474139,-2.7636705052631583,0.005782631578947368,0.0,0.01794315789473684,0.0,0.0
342,F,-1.046842105263158,-2.063684210526316,-3.7063157894736842,-2.7463157894736843,-7.991398857894736,-0.196064752631579,-1.6428773,-2.958635684210526,0.009187368421052632,0.0,0.03377368421052631,0.0,0.0
343,N,-0.51,-2.296842105263158,-2.8194736842105264,-2.0136842105263155,-7.786514463157895,-0.3977524894736842,-1.2202104,-2.2060121736842104,0.0,0.0,0.0,0.0,0.0
344,A,-0.4257894736842105,-1.4189473684210527,-2.178421052631579,-1.4263157894736842,-6.5515576736842105,-0.6188332684210526,-1.3114822,-2.1007203789473685,0.03442,0.0,0.11363000000000001,0.0,0.0
345,T,-0.27473684210526317,-1.488421052631579,-1.0105263157894737,-0.7231578947368421,-6.074941231578947,-0.7002840789473684,-1.008994,-1.7122820210526315,0.10178315789473684,0.05263157894736842,0.3171894736842105,0.21052631578947367,0.21052631578947367
346,R,-0.023684210526315787,-0.20157894736842105,0.5847368421052631,0.6452631578947369,-3.7381595,2.8329239736842107,-1.1054401,-1.0154876789473684,0.7944315789473685,0.9473684210526315,0.8028,0.42105263157894735,0.9473684210526315
347,F,-1.0515789473684212,-1.833157894736842,-3.261578947368421,-2.5452631578947367,-7.820273973684211,-0.196064752631579,-1.4510596,-2.538037694736842,0.004432631578947369,0.0,0.06820842105263158,0.0,0.0
348,A,-0.24421052631578946,-0.8794736842105264,-1.3831578947368421,-1.124736842105263,-2.564032305263158,-0.6188332684210526,-1.4165306,-1.7281284789473683,0.19752421052631577,0.21052631578947367,0.3301257894736842,0.21052631578947367,0.3157894736842105
349,S,-1.1521052631578947,-1.875263157894737,-2.648421052631579,-1.8742105263157895,-6.703310347368421,-0.669255205263158,-1.4171397,-2.2849224421052634,0.07120526315789473,0.05263157894736842,0.08058421052631579,0.0,0.05263157894736842
350,V,-2.906315789473684,-2.238947368421053,-3.4073684210526314,-2.487894736842105,-8.275279510526316,-0.304665847368421,-1.6232223,-3.009556442105263,0.0,0.0,0.0,0.0,0.0
351,Y,-1.055263157894737,-1.8426315789473684,-2.6610526315789476,-2.132631578947368,-7.968821289473683,-0.7216164368421053,-1.3560386,-2.49526287368421,0.05862,0.05263157894736842,0.05939578947368421,0.0,0.05263157894736842
352,A,-0.3352631578947369,-0.9273684210526316,-1.345263157894737,-0.8547368421052631,-7.8749528,-0.6188332684210526,-1.2274143,-2.2919406263157893,0.15219105263157895,0.15789473684210525,0.3720894736842105,0.10526315789473684,0.21052631578947367
353,W,-1.6036842105263158,-2.2142105263157896,-3.5163157894736843,-2.743684210526316,-9.000593963157895,-0.5044142684210526,-1.6003756,-3.1831416894736844,0.0028405263157894735,0.0,0.006615789473684211,0.0,0.0
354,N,-0.2421052631578947,-0.6136842105263158,-0.6326315789473684,-0.7678947368421053,-2.1208245526315785,-0.3977524894736842,-1.4466052,-1.691664652631579,0.02839578947368421,0.0,0.21822894736842105,0.0,0.0
355,R,-2.067894736842105,-2.19,-3.5410526315789475,-2.743684210526316,-9.652748210526317,2.8329239736842107,-1.4648449,-2.6922555000000004,0.0,0.0,0.0,0.0,0.0
356,K,-0.39315789473684215,-0.6721052631578948,-0.4931578947368422,-0.44684210526315793,-4.260811257894737,1.6111617684210529,-1.5343534,-1.7798737526315789,0.08877473684210527,0.05263157894736842,0.21883052631578948,0.10526315789473684,0.10526315789473684
357,R,-0.07684210526315789,-0.3178947368421053,-0.06789473684210524,-0.013684210526315785,-5.389162089473684,2.8329239736842107,-1.5529115,-1.8616150157894735,0.06969421052631579,0.0,0.2372505263157895,0.10526315789473684,0.10526315789473684
358,I,-0.7131578947368421,-1.1921052631578946,-1.773684210526316,-1.1178947368421053,-8.187048305263158,0.013380184210526365,-1.8168522,-3.3964688947368424,0.10741368421052633,0.05263157894736842,0.047550578947368416,0.0,0.05263157894736842
359,S,-0.07263157894736842,-0.2,0.04263157894736843,-0.08473684210526315,-7.042410457894737,-0.669255205263158,-1.7337732,-3.0026487684210523,0.06079210526315789,0.0,0.06255636842105264,0.0,0.0
360,N,-0.26526315789473687,-0.7794736842105263,-2.3073684210526317,-1.7873684210526317,-6.170528368421053,-0.3977524894736842,-1.6453037,-2.5796443947368424,0.022493157894736843,0.0,0.07292857894736841,0.0,0.0
361,C,-0.6326315789473684,-1.1047368421052632,-4.107368421052632,-2.9905263157894737,-9.627809894736842,-0.7177378263157895,-1.8234126000000002,-3.9174099526315787,0.1525421052631579,0.15789473684210525,0.19823157894736843,0.15789473684210525,0.21052631578947367
362,V,-0.06947368421052631,-0.1405263157894737,-4.099473684210526,-2.4773684210526317,-7.048669100000001,-0.304665847368421,-1.714967,-2.919215042105263,0.07851105263157895,0.0,0.10772105263157894,0.0,0.0
363,A,-0.2336842105263158,-0.8810526315789474,-1.371578947368421,-1.1021052631578947,-8.119078621052632,-0.6188332684210526,-1.8684201,-3.6029779105263158,0.08686684210526315,0.05263157894736842,0.006904421052631579,0.0,0.05263157894736842
364,D,-0.5652631578947368,-2.150526315789474,-3.0868421052631576,-2.3573684210526316,-8.12085347368421,1.2102503,-1.6468751,-2.7951054263157893,0.0,0.0,0.0,0.0,0.0
365,Y,-0.3463157894736842,-0.7357894736842105,-2.6226315789473684,-2.306842105263158,-7.919821321052631,-0.7216164368421053,-1.7648305,-3.2973155894736843,0.0800021052631579,0.0,0.10677105263157893,0.0,0.0
366,S,-0.07842105263157895,-0.2889473684210526,-0.17894736842105266,-0.30473684210526314,-5.761930442105263,-0.669255205263158,-1.5280321,-2.3149692105263155,0.07307,0.0,0.09020368421052631,0.0,0.0
367,V,0.012105263157894737,0.1805263157894737,1.4173684210526316,0.9110526315789473,-7.047033031578947,-0.304665847368421,-1.4429157,-2.3629167368421053,0.07622526315789474,0.0,0.009199947368421052,0.0,0.0
368,L,-0.7289473684210526,-1.4931578947368422,-2.4773684210526317,-1.9084210526315788,-7.329974994736841,-0.3182409789473684,-1.6561484,-2.857035173684211,0.010982631578947369,0.0,0.020888947368421052,0.0,0.0
369,Y,-0.04526315789473684,0.027894736842105264,1.2389473684210526,0.8352631578947368,-7.848769005263158,-0.7216164368421053,-1.5953764,-2.8923840736842106,0.13960947368421053,0.0,0.49968473684210524,0.0,0.0
370,N,-0.15157894736842104,-0.5936842105263158,-0.2578947368421053,-0.39315789473684215,-8.039107768421053,-0.3977524894736842,-1.3248395,-2.4060676315789475,0.06973,0.0,0.08775368421052632,0.0,0.0
371,S,-0.11789473684210527,-0.48157894736842105,1.1142105263157895,0.05421052631578947,-7.623982010526316,-0.669255205263158,-1.2749254,-2.2807455684210525,0.08559631578947367,0.0,0.5773015263157895,0.10526315789473684,0.10526315789473684
372,A,-0.10631578947368421,-0.35736842105263156,1.496842105263158,0.7663157894736843,-2.659807052631579,-0.6188332684210526,-1.0829866,-1.3324950578947368,0.07403894736842105,0.0,0.38253947368421054,0.0,0.0
373,S,-0.07789473684210527,-0.02052631578947368,1.261578947368421,0.8505263157894737,-6.318400810526316,-0.669255205263158,-1.2399054,-1.9583119578947368,0.05850736842105263,0.0,0.04192273684210526,0.0,0.0
374,F,-0.30736842105263157,-0.8357894736842105,-0.4878947368421052,-0.4531578947368421,-7.89923737368421,-0.196064752631579,-1.4887105,-2.627718552631579,0.13091894736842105,0.10526315789473684,0.17962,0.0,0.10526315789473684
375,S,-0.3147368421052632,-0.9547368421052632,-1.2326315789473685,-0.6357894736842106,-7.750526852631579,-0.669255205263158,-1.3488459,-2.4153955736842105,0.02562,0.0,0.19305473684210525,0.05263157894736842,0.05263157894736842
376,T,-0.22421052631578947,-0.6347368421052632,0.10894736842105264,0.18263157894736845,-7.732616184210527,-0.7002840789473684,-1.4644148,-2.602437626315789,0.28344315789473684,0.2631578947368421,0.3931042105263158,0.15789473684210525,0.3157894736842105
377,F,-0.8826315789473684,-1.89,-2.134210526315789,-1.3652631578947367,-8.470059089473684,-0.196064752631579,-1.5730067,-2.9386449842105264,0.03204315789473684,0.0,0.056176315789473685,0.0,0.0
378,K,-0.39578947368421047,-0.8126315789473684,-0.884736842105263,-0.6599999999999999,-6.033080415789473,1.6111617684210529,-1.5834384,-2.1542011157894736,0.260521052631579,0.10526315789473684,0.48289000000000004,0.10526315789473684,0.15789473684210525
379,C,-2.3563157894736846,-2.818947368421053,-4.296842105263158,-3.115789473684211,-9.546130052631579,-0.7177378263157895,-1.8788453,-4.036818942105263,0.0,0.0,0.0,0.0,0.0
380,Y,-1.5626315789473686,-2.406842105263158,-2.506842105263158,-1.6931578947368422,-8.135243621052632,-0.7216164368421053,-1.7250283,-3.253767405263158,0.013648947368421052,0.0,0.005628421052631579,0.0,0.0
381,G,-0.5121052631578947,-1.59,-3.488421052631579,-2.7494736842105265,-8.538107126315788,-0.6711945052631579,-1.7651586,-3.452663336842105,0.2380721052631579,0.2631578947368421,0.06212052631578948,0.0,0.2631578947368421
382,V,-0.3542105263157895,-1.3678947368421053,-3.081578947368421,-2.035263157894737,-8.467311163157895,-0.304665847368421,-1.8226415000000002,-3.5335523842105263,0.051693684210526315,0.0,0.05958210526315789,0.0,0.0
383,S,-0.044736842105263165,-0.30842105263157893,-0.5173684210526317,-0.09894736842105258,-8.404417357894737,-0.669255205263158,-1.748991,-3.3658576473684207,0.4136005263157895,0.3684210526315789,0.22538194736842107,0.0,0.3684210526315789
384,P,-0.0368421052631579,-0.3268421052631579,0.978421052631579,0.7673684210526316,-5.767120036842105,-0.7216164368421053,-1.7023672000000003,-2.6994130315789477,0.2922315789473684,0.21052631578947367,0.3734078947368421,0.15789473684210525,0.2631578947368421
385,T,-0.010526315789473684,-0.09210526315789473,1.1426315789473684,0.8531578947368421,-5.388095589473684,-0.7002840789473684,-1.5923035,-2.3845766789473686,0.8676242105263159,0.8947368421052632,0.3761278947368421,0.10526315789473684,0.8947368421052632
386,K,-0.09842105263157895,-0.3778947368421052,-1.065263157894737,-0.3794736842105263,-8.228221347368422,1.6111617684210529,-1.7808529,-3.0837246263157896,0.41411684210526317,0.42105263157894735,0.13491052631578948,0.0,0.42105263157894735
387,L,-0.5031578947368421,-1.6489473684210527,-4.020526315789474,-3.0357894736842104,-8.515123884210526,-0.3182409789473684,-1.8588155000000002,-3.64016462631579,0.005803157894736842,0.0,0.011941052631578948,0.0,0.0
388,N,-0.15578947368421053,-0.6210526315789474,-0.9878947368421053,-0.5973684210526315,-5.8238249263157895,-0.3977524894736842,-1.7597499999999997,-2.778020752631579,0.04121368421052631,0.0,0.015524631578947368,0.0,0.0
389,D,-0.12736842105263158,-0.5531578947368421,-1.5536842105263158,-1.1984210526315788,-7.794046831578947,1.2102503,-1.7405394,-2.923490605263158,0.047551052631578945,0.0,0.009032315789473683,0.0,0.0
390,L,-0.09894736842105263,-0.45789473684210524,-0.7326315789473685,-0.048421052631578955,-7.834960294736843,-0.3182409789473684,-1.8210528999999998,-3.3620346789473685,0.07624105263157895,0.0,0.038329,0.0,0.0
391,C,-0.09736842105263159,-0.2231578947368421,-3.2036842105263155,-2.212105263157895,-9.433351836842105,-0.7177378263157895,-1.9362079,-4.157480531578948,0.05436105263157894,0.0,0.009931842105263159,0.0,0.0
392,F,-0.13789473684210526,-0.5631578947368421,-1.5394736842105263,-1.25,-8.337584163157894,-0.196064752631579,-1.8763347,-3.6177545631578947,0.06846105263157894,0.0,0.030877684210526314,0.0,0.0
393,T,-0.09473684210526316,-0.4752631578947369,-1.161578947368421,-1.1542105263157894,-4.5215190631578945,-0.7002840789473684,-1.7123585,-2.526412505263158,0.05292263157894737,0.0,0.012436,0.0,0.0
394,N,-0.06052631578947369,-0.2594736842105263,1.2205263157894735,0.741578947368421,-5.434588936842106,-0.3977524894736842,-1.7028264,-2.579274457894737,0.07913105263157895,0.0,0.02578036842105263,0.0,0.0
395,V,-0.6663157894736842,-1.5521052631578947,-3.5794736842105266,-2.905263157894737,-8.221614510526315,-0.304665847368421,-1.8857603999999997,-3.6300787157894736,0.02062736842105263,0.0,0.01962063157894737,0.0,0.0
396,Y,-0.5152631578947368,-0.9994736842105262,-2.019473684210526,-1.7121052631578948,-7.942402742105263,-0.7216164368421053,-1.6908228,-3.1257673157894734,0.08597263157894737,0.0,0.14933305263157895,0.0,0.0
397,A,-1.4885714285714287,-1.7757142857142856,-2.501578947368421,-1.9621052631578948,-7.913731668421053,-0.6188332684210526,-1.7670699,-3.2932214,0.013386315789473685,0.0,0.035626315789473686,0.0,0.0
398,D,-3.093684210526316,-2.4089473684210527,-3.3815789473684212,-2.709473684210526,-9.517470821052632,1.2102503,-1.7016586,-3.303350289473684,0.0,0.0,0.0,0.0,0.0
399,S,-0.9836842105263158,-2.0589473684210526,-3.523157894736842,-2.7794736842105263,-5.123807542105263,-0.669255205263158,-1.6478159,-2.458029605263158,0.0035668421052631578,0.0,0.012436842105263158,0.0,0.0
400,F,-4.015789473684211,-2.6626315789473685,-4.352631578947369,-3.1189473684210527,-8.823510136842105,-0.196064752631579,-1.6807225,-3.2672088210526318,0.0,0.0,0.0,0.0,0.0
401,V,-2.9915789473684207,-2.3468421052631583,-4.07578947368421,-3.0573684210526313,-5.454329957894736,-0.304665847368421,-1.5381849,-2.2396269052631577,0.0050205263157894735,0.0,0.008273684210526317,0.0,0.0
402,I,-2.93,-2.2963157894736845,-2.9557894736842103,-2.2068421052631577,-5.109682442105263,0.013380184210526365,-1.5988022,-2.264934705263158,0.009601052631578948,0.0,0.019420526315789475,0.0,0.0
403,R,-1.5878947368421052,-1.2673684210526317,-2.8847368421052635,-2.4189473684210525,-4.498822978947368,2.8329239736842107,-1.3940684,-1.4527078736842105,0.11225736842105262,0.10526315789473684,0.19543157894736843,0.05263157894736842,0.15789473684210525
404,G,-1.8568421052631578,-1.8126315789473684,-3.2605263157894737,-2.371578947368421,-5.2188075052631575,-0.6711945052631579,-1.4673837,-2.1177363315789477,0.10471052631578948,0.10526315789473684,0.1061421052631579,0.10526315789473684,0.15789473684210525
405,D,-0.3231578947368421,-1.0342105263157895,-0.7163157894736841,-0.6026315789473684,-5.974225147368421,1.2102503,-1.2082725,-1.6005503736842104,0.18617663157894737,0.21052631578947367,0.2926368421052632,0.0,0.21052631578947367
406,E,-0.9352631578947368,-1.9252631578947368,-2.0594736842105266,-1.4915789473684211,-4.483024205263158,1.0919526894736842,-1.4448047,-1.7156979105263157,0.05981052631578948,0.05263157894736842,0.14463157894736844,0.10526315789473684,0.10526315789473684
407,V,-1.6810526315789474,-2.1610526315789476,-3.835263157894737,-2.9489473684210528,-7.584919810526316,-0.304665847368421,-1.5402838,-2.657854436842105,0.005436842105263158,0.0,0.0008476842105263159,0.0,0.0
408,R,-0.09473684210526316,-0.06368421052631579,1.6278947368421053,0.8826315789473684,-7.606112542105262,2.8329239736842107,-1.3291926,-1.9136220157894739,0.30326000000000003,0.2631578947368421,0.5097842105263158,0.10526315789473684,0.3157894736842105
409,Q,-0.9331578947368421,-1.833684210526316,-3.0494736842105263,-2.1126315789473686,-7.772786347368421,-0.33957332631578946,-1.5119435,-2.6312956210526317,0.011605263157894737,0.0,0.05018842105263158,0.0,0.0
410,I,-3.5063157894736845,-2.5463157894736845,-3.776842105263158,-2.9031578947368417,-6.156045363157895,0.013380184210526365,-1.6710853,-2.5954756315789473,0.002852105263157895,0.0,0.0047799999999999995,0.0,0.0
411,A,-0.6489473684210526,-1.6231578947368421,-2.424736842105263,-1.6678947368421053,-7.782038357894737,-0.6188332684210526,-1.5954976,-2.863261494736842,0.01568052631578947,0.0,0.01662,0.0,0.0
412,P,-2.068947368421053,-2.6542105263157896,-3.797368421052632,-2.973684210526316,-7.77128427368421,-0.7216164368421053,-1.6867495,-3.0675956789473684,0.0,0.0,0.0,0.0,0.0
413,G,-0.4410526315789474,-0.8247368421052631,-0.6936842105263159,-0.5226315789473683,-6.684474905263158,-0.6711945052631579,-1.4386043,-2.3315729315789473,0.040765263157894735,0.0,0.47395210526315784,0.3157894736842105,0.3157894736842105
414,Q,-0.2431578947368421,-0.865263157894737,-1.2147368421052631,-0.7747368421052631,-6.002986547368421,-0.33957332631578946,-1.4266531,-2.108948105263158,0.035187894736842106,0.0,0.07543947368421051,0.05263157894736842,0.05263157894736842
415,T,-0.10368421052631578,-0.5647368421052632,0.5589473684210526,0.21263157894736842,-7.836937805263158,-0.7002840789473684,-1.2267363,-2.2862928473684208,0.08167,0.05263157894736842,0.05560842105263158,0.0,0.05263157894736842
416,G,-2.5878947368421055,-2.2284210526315786,-3.805263157894737,-3.03,-8.732784215789474,-0.6711945052631579,-1.2988959,-2.614772505263158,0.0,0.0,0.0,0.0,0.0
417,K,-0.3910526315789474,0.026842105263157896,0.9936842105263157,-0.009473684210526316,-1.2196607105263158,1.6111617684210529,-1.2435786,-1.0767772631578947,0.997878947368421,1.0,0.8157157894736842,0.10526315789473684,1.0
418,I,-3.148421052631579,-2.5026315789473683,-3.462105263157895,-2.796842105263158,-8.146050363157896,0.013380184210526365,-1.5821839,-2.8415212368421052,0.0022342105263157895,0.0,0.005636842105263158,0.0,0.0
419,A,-1.2547368421052632,-2.068421052631579,-3.6500000000000004,-2.622105263157895,-8.037952605263158,-0.6188332684210526,-1.5429523,-2.823237463157895,0.005912631578947368,0.0,0.011588421052631578,0.0,0.0
420,D,-0.47263157894736846,-1.1521052631578947,-1.2647368421052632,-0.8410526315789474,-7.52375937368421,1.2102503,-1.2396551,-1.9462426473684211,0.41564210526315787,0.42105263157894735,0.3752315789473684,0.10526315789473684,0.42105263157894735
421,Y,-0.9094736842105263,-1.5689473684210526,-2.9773684210526317,-2.2357894736842105,-8.387495521052632,-0.7216164368421053,-1.2342648,-2.448607247368421,0.10635263157894735,0.10526315789473684,0.14349684210526317,0.0,0.10526315789473684
422,N,-3.9331578947368424,-2.4773684210526317,-4.399473684210527,-3.473157894736842,-9.561808715789473,-0.3977524894736842,-1.5181705,-3.1448688789473684,0.0,0.0,0.0,0.0,0.0
423,Y,-4.11421052631579,-2.667894736842105,-4.2426315789473685,-3.3978947368421055,-9.568049400000001,-0.7216164368421053,-1.6036049,-3.383472457894737,0.0,0.0,0.0,0.0,0.0
424,K,-1.3094736842105263,-2.1294736842105264,-3.8899999999999997,-2.561052631578947,-7.560908247368421,1.6111617684210529,-1.4549842,-2.2292470315789474,0.005402631578947368,0.0,0.005811052631578948,0.0,0.0
425,L,-3.2178947368421054,-2.398421052631579,-3.6447368421052633,-2.3694736842105266,-8.348806594736843,-0.3182409789473684,-1.6791955,-3.151421894736842,0.00766,0.0,0.005400684210526315,0.0,0.0
426,P,-0.8621052631578947,-2.2810526315789477,-3.547894736842105,-2.4626315789473683,-8.591761873684211,-0.7216164368421053,-1.6155095,-3.127283173684211,0.0,0.0,0.00536021052631579,0.0,0.0
427,D,-0.06947368421052631,-0.47789473684210526,0.8794736842105264,0.5468421052631579,-7.721196878947368,1.2102503,-1.4361052,-2.276140842105263,0.04850526315789474,0.0,0.5610659473684211,0.2631578947368421,0.2631578947368421
428,D,-0.15578947368421053,-0.8915789473684211,-0.4189473684210526,-0.45473684210526316,-7.163918584210526,1.2102503,-1.4950126,-2.2563951842105263,0.06467263157894737,0.0,0.061980105263157906,0.0,0.0
429,F,-2.995789473684211,-2.588421052631579,-3.0642105263157893,-2.4226315789473687,-8.413776310526316,-0.196064752631579,-1.7523668,-3.322610068421053,0.0026005263157894737,0.0,0.003666315789473684,0.0,0.0
430,T,-0.23210526315789473,-0.6752631578947369,-0.20052631578947366,0.23684210526315788,-4.86019352631579,-0.7002840789473684,-1.7397498,-2.6364301684210525,0.05159947368421053,0.0,0.008263736842105263,0.0,0.0
431,G,-4.6021052631578945,-2.7857894736842104,-3.5873684210526315,-2.8910526315789475,-8.603297821052632,-0.6711945052631579,-1.8815465,-3.7684474789473685,0.0,0.0,0.0,0.0,0.0
432,C,-3.0878947368421055,-2.8126315789473684,-3.8294736842105266,-2.8205263157894738,-9.539369257894737,-0.7177378263157895,-1.9082267999999998,-4.113458910526316,0.0,0.0,0.0,0.0,0.0
433,V,-3.555263157894737,-2.856842105263158,-3.1347368421052635,-2.3378947368421055,-8.0095809,-0.304665847368421,-1.7360850999999997,-3.1929144263157894,0.0022389473684210526,0.0,0.003267894736842105,0.0,0.0
434,I,-1.3989473684210527,-1.9152631578947368,-1.9005263157894736,-1.4652631578947368,-5.058719036842105,0.013380184210526365,-1.7161017,-2.516885047368421,0.05542105263157895,0.05263157894736842,0.037407157894736844,0.0,0.05263157894736842
435,A,-1.3421052631578947,-2.1178947368421053,-3.6615789473684206,-2.9331578947368424,-8.140752168421052,-0.6188332684210526,-1.653083,-3.0781632421052634,0.005229473684210527,0.0,0.005265263157894737,0.0,0.0
436,W,-1.1263157894736842,-2.4236842105263157,-4.130526315789474,-2.8621052631578947,-7.76371622631579,-0.5044142684210526,-1.4588573,-2.5806686526315787,0.0,0.0,0.0,0.0,0.0
437,N,-1.5,-1.756842105263158,-3.9010526315789478,-2.906315789473684,-7.56633337368421,-0.3977524894736842,-1.3420566,-2.307909194736842,0.0054263157894736845,0.0,0.020173684210526316,0.0,0.0
438,S,-1.8663157894736842,-1.8694736842105264,-3.9189473684210525,-2.594736842105263,-1.5130570315789473,-0.669255205263158,-1.4387379,-1.689126394736842,0.005506315789473684,0.0,0.017275789473684213,0.0,0.0
439,N,-0.7368421052631579,-0.74,-0.6273684210526316,-0.4626315789473684,-4.220376436842105,-0.3977524894736842,-1.2137837,-1.5645964842105264,0.14734105263157896,0.15789473684210525,0.18948263157894737,0.05263157894736842,0.15789473684210525
440,N,-0.034210526315789476,-0.25894736842105265,0.5810526315789474,0.521578947368421,-4.8397448,-0.3977524894736842,-0.9769245,-1.442980494736842,0.4019226315789474,0.3157894736842105,0.4123984210526316,0.0,0.3157894736842105
441,L,-0.18526315789473685,-0.39631578947368423,0.029473684210526294,0.0763157894736842,-2.377268252631579,-0.3182409789473684,-1.1693185,-1.346684857894737,0.06759105263157894,0.05263157894736842,0.32289452631578947,0.15789473684210525,0.15789473684210525
442,D,-2.8352631578947367,-2.2263157894736842,-3.833157894736842,-2.9157894736842103,-7.777646026315789,1.2102503,-1.3504592,-2.159837794736842,0.0,0.0,0.0,0.0,0.0
443,S,-1.9310526315789474,-0.9978947368421053,-2.889473684210526,-2.127894736842105,-3.227156457894737,-0.669255205263158,-1.2580584,-1.5561415,0.21061105263157898,0.21052631578947367,0.19055947368421053,0.0,0.21052631578947367
444,K,-0.17052631578947366,-0.19473684210526318,0.9826315789473683,0.5857894736842105,-1.9252168315789475,1.6111617684210529,-1.0280363,-0.9160110315789475,0.9770368421052632,1.0,0.9353631578947368,0.5789473684210527,1.0
445,V,-0.11157894736842106,-0.10894736842105263,1.2747368421052632,0.8210526315789474,-1.6458075315789475,-0.304665847368421,-0.8212232,-1.0573391736842106,0.8776894736842106,0.8947368421052632,0.7739921052631579,0.3157894736842105,0.8947368421052632
446,G,-0.2578947368421053,-0.44947368421052625,0.3194736842105263,0.10999999999999997,-2.462449563157895,-0.6711945052631579,-0.8698046,-1.1855587631578948,0.9406421052631578,1.0,0.8242473684210526,0.5789473684210527,1.0
447,G,-1.578421052631579,-0.48052631578947375,-0.16210526315789472,-0.41157894736842104,-6.137240442105264,-0.6711945052631579,-1.0950658,-1.7806069368421054,0.7579368421052631,0.7894736842105263,0.7403157894736843,0.2631578947368421,0.8421052631578947
448,N,-0.9352631578947368,-0.7142105263157895,-0.9852631578947367,-0.8294736842105263,-7.639474615789474,-0.3977524894736842,-1.2340798,-2.1812835684210525,0.5604105263157895,0.5263157894736842,0.5304157894736842,0.05263157894736842,0.5263157894736842
449,Y,-1.3036842105263158,0.002105263157894736,1.4226315789473685,0.2236842105263158,-4.76192467368421,-0.7216164368421053,-1.0274356,-1.5187836842105262,0.9383,1.0,0.6700578947368421,0.10526315789473684,1.0
450,N,-0.23157894736842108,-0.21736842105263157,0.5621052631578948,0.3105263157894737,-4.409603084210526,-0.3977524894736842,-1.0580944,-1.4322457157894737,0.7903105263157895,0.7894736842105263,0.6448315789473684,0.21052631578947367,0.8947368421052632
451,Y,-0.8799999999999999,-1.2947368421052632,-2.6452631578947368,-2.103684210526316,-6.330143968421052,-0.7216164368421053,-1.3961928,-2.193346010526316,0.019286842105263158,0.0,0.0529178947368421,0.0,0.0
452,L,-0.07210526315789473,-0.06736842105263158,0.6873684210526316,0.6147368421052631,-2.807963805263158,-0.3182409789473684,-1.2272924,-1.4490920631578947,0.7856173684210526,0.7894736842105263,0.6219873684210526,0.21052631578947367,0.7894736842105263
453,Y,-0.7331578947368421,-1.2010526315789474,-1.9457894736842105,-1.4847368421052631,-7.8648476263157905,-0.7216164368421053,-1.3351144,-2.438710805263158,0.2609421052631579,0.2631578947368421,0.24337894736842106,0.0,0.2631578947368421
454,R,-4.262631578947368,-2.3757894736842107,-3.651578947368421,-2.8600000000000003,-7.7195726473684205,2.8329239736842107,-1.1904112,-1.7732687157894735,0.0,0.0,0.0,0.0,0.0
455,L,-0.8926315789473684,0.28777777777777774,0.9873684210526315,-0.2121052631578947,-2.382423478947368,-0.3182409789473684,-1.2001144,-1.3803185105263158,0.6663178947368421,0.6842105263157895,0.8057947368421052,0.47368421052631576,0.7894736842105263
456,F,-1.7163157894736842,-0.32473684210526316,-0.20368421052631575,-0.4936842105263157,-2.6568054263157896,-0.196064752631579,-1.1579878,-1.3407066421052631,0.6840368421052632,0.6842105263157895,0.6488,0.15789473684210525,0.6842105263157895
457,R,-1.9626315789473683,-2.234736842105263,-3.5142105263157895,-2.799473684210527,-7.637206726315789,2.8329239736842107,-1.2080415,-1.7689110631578948,0.0,0.0,0.0,0.0,0.0
458,K,-0.05526315789473685,-0.39263157894736844,0.1794736842105263,0.013684210526315778,-3.219798847368421,1.6111617684210529,-1.0725988,-1.0529936105263158,0.04940421052631579,0.0,0.027146421052631577,0.0,0.0
459,S,-0.061052631578947365,-0.2863157894736842,0.8210526315789474,0.6652631578947369,-4.010554584210527,-0.669255205263158,-1.1816841,-1.5536101,0.07919894736842105,0.05263157894736842,0.04114542105263158,0.0,0.05263157894736842
460,N,-0.03789473684210526,-0.2205263157894737,1.1673684210526316,0.9357894736842106,-1.6451615157894737,-0.3977524894736842,-1.2080415,-1.325323594736842,0.8481468421052631,0.8421052631578947,0.6814157894736842,0.0,0.8421052631578947
461,L,-2.1257894736842107,-2.0473684210526315,-3.168421052631579,-2.251052631578947,-6.286949710526316,-0.3182409789473684,-1.2080415,-1.883379610526316,0.010162631578947368,0.0,0.011874736842105263,0.0,0.0
462,K,-0.09999999999999999,-0.4931578947368421,-0.30526315789473685,-0.11578947368421051,-4.9016036,1.6111617684210529,-1.2256718,-1.3987751315789474,0.10832736842105263,0.0,0.43305268421052634,0.2631578947368421,0.2631578947368421
463,P,-0.5184210526315789,-1.5694736842105264,-3.3989473684210525,-2.431578947368421,-7.930439178947368,-0.7216164368421053,-1.4201571,-2.5763098578947368,0.0026473684210526313,0.0,0.05420842105263158,0.05263157894736842,0.05263157894736842
464,F,-0.3373684210526316,-1.0221052631578946,-2.305263157894737,-1.760526315789474,-5.749621610526316,-0.196064752631579,-1.4552377,-2.115711505263158,0.027514736842105265,0.0,0.03941547368421052,0.0,0.0
465,E,-0.6047368421052631,-1.5294736842105263,-2.858421052631579,-2.4189473684210525,-6.702791247368421,1.0919526894736842,-1.2492516,-1.800994189473684,0.011585263157894737,0.0,0.02067157894736842,0.0,0.0
466,R,-0.5447368421052632,-1.638421052631579,-2.184736842105263,-1.5568421052631578,-7.729412184210527,2.8329239736842107,-1.2533341,-1.8441853947368418,0.010488421052631577,0.0,0.11172631578947367,0.05263157894736842,0.05263157894736842
467,D,-1.89,-2.5642105263157893,-4.339473684210526,-3.4510526315789476,-7.570627957894737,1.2102503,-1.029811,-1.7579989368421052,0.0,0.0,0.0,0.0,0.0
468,I,-0.11157894736842106,-0.428421052631579,-0.6505263157894736,-0.1389473684210526,-5.240386968421053,0.013380184210526365,-1.029811,-1.4996609315789473,0.062136315789473685,0.0,0.6496247368421052,0.21052631578947367,0.21052631578947367
469,S,-0.4089473684210526,-1.1889473684210525,-1.8678947368421053,-1.318421052631579,-6.764014952631579,-0.669255205263158,-1.029811,-1.850367994736842,0.027277368421052633,0.0,0.01697521052631579,0.0,0.0
470,T,-0.07315789473684212,-0.39210526315789473,0.4842105263157894,0.3068421052631579,-1.9953594,-0.7002840789473684,-1.029811,-1.2442468157894737,0.2994273684210526,0.3157894736842105,0.3598305263157895,0.10526315789473684,0.3157894736842105
471,E,-0.11894736842105262,-0.5136842105263157,-0.7073684210526315,-0.2763157894736842,-2.6463963736842104,1.0919526894736842,-0.9472764,-0.9768810157894737,0.051228421052631576,0.0,0.037796,0.0,0.0
472,I,-0.7926315789473685,-0.5878947368421052,-1.6405263157894738,-1.5063157894736843,-2.912295052631579,0.013380184210526365,-1.029811,-1.219499247368421,0.6913794736842105,0.7368421052631579,0.5342115789473684,0.10526315789473684,0.7368421052631579
473,Y,-1.821578947368421,-0.7405263157894737,-1.5742105263157895,-1.1836842105263157,-3.4531153736842106,-0.7216164368421053,-1.029811,-1.372823452631579,0.5761368421052632,0.5789473684210527,0.5957726315789473,0.05263157894736842,0.5789473684210527
474,Q,-0.3331578947368421,-0.8152631578947368,-1.881052631578947,-1.236315789473684,-1.0806463894736844,-0.33957332631578946,-1.029811,-1.1255770684210524,0.039990526315789476,0.0,0.008830947368421053,0.0,0.0
475,A,-1.0173684210526315,-0.3863157894736842,0.0889473684210527,-0.5363157894736842,-2.4827045789473687,-0.6188332684210526,-1.029811,-1.2807479894736842,0.687778947368421,0.631578947368421,0.5965842105263158,0.21052631578947367,0.631578947368421
476,G,-1.2594736842105263,-0.9610526315789475,-2.953157894736842,-2.2189473684210523,-2.8376137157894736,-0.6711945052631579,-0.9648547999999999,-1.2640514210526317,0.4218431578947368,0.42105263157894735,0.3564008421052631,0.05263157894736842,0.42105263157894735
477,S,-0.03631578947368421,-0.14684210526315788,1.368421052631579,0.9131578947368422,-2.5520180263157894,-0.669255205263158,-0.7773704,-1.1414446684210526,0.09290631578947368,0.05263157894736842,0.48480163157894735,0.10526315789473684,0.15789473684210525
478,T,-0.07210526315789473,-0.22210526315789472,1.0478947368421052,0.7710526315789474,-1.868718842105263,-0.7002840789473684,-0.806908,-1.1136724842105263,0.0944457894736842,0.05263157894736842,0.20879542105263157,0.10526315789473684,0.15789473684210525
479,P,-0.07368421052631578,-0.3621052631578947,-0.1673684210526316,-0.20894736842105263,-4.0773475947368425,-0.7216164368421053,-0.8008046,-1.306117794736842,0.04837,0.0,0.2885708947368421,0.0,0.0
480,C,-3.596315789473684,-1.343157894736842,-3.5452631578947367,-2.744736842105263,-5.540306647368421,-0.7177378263157895,-1.029811,-1.6427553842105262,0.0,0.0,0.10477368421052631,0.0,0.0
481,N,-0.08210526315789474,-0.3294736842105263,0.15684210526315787,-0.020526315789473674,-4.242000221052632,-0.3977524894736842,-0.7407301,-1.2506332578947368,0.2771705263157895,0.21052631578947367,0.3248978947368421,0.0,0.21052631578947367
482,G,-0.19473684210526318,-0.6636842105263158,-0.89,-0.44263157894736843,-3.6457795789473684,-0.6711945052631579,-0.8718496,-1.297988642105263,0.13811526315789474,0.10526315789473684,0.29317157894736845,0.0,0.10526315789473684
483,V,-0.06052631578947368,-0.10684210526315789,1.0189473684210526,0.7710526315789474,-5.499301605263158,-0.304665847368421,-0.8096538,-1.4534387947368421,0.8373557894736843,0.8947368421052632,0.6032831578947369,0.10526315789473684,0.8947368421052632
484,E,-0.40263157894736845,-0.27631578947368424,0.24894736842105267,0.2489473684210526,-2.114445747368421,1.0919526894736842,-0.9007221,-0.9110997578947369,0.9959842105263158,1.0,0.9840842105263159,0.631578947368421,1.0
485,G,-0.4868421052631579,-0.6157894736842104,-0.8768421052631579,-0.9394736842105263,-3.897914847368421,-0.6711945052631579,-0.8582471,-1.3111253789473682,0.6303,0.6842105263157895,0.5845978947368421,0.10526315789473684,0.6842105263157895
486,F,-0.6573684210526316,0.08210526315789474,1.105263157894737,-0.11842105263157894,-3.949975905263158,-0.196064752631579,-0.8258902,-1.2374319157894735,0.9928578947368422,1.0,0.8272263157894737,0.5789473684210527,1.0
487,N,-2.108421052631579,-0.46421052631578946,-0.41210526315789475,-0.9831578947368421,-6.599363310526316,-0.3977524894736842,-1.029811,-1.7601189736842107,0.7335947368421053,0.7368421052631579,0.646578947368421,0.15789473684210525,0.7368421052631579
488,C,-3.8415789473684208,-1.4257894736842105,-4.46578947368421,-3.4499999999999997,-7.037312063157895,-0.7177378263157895,-1.029811,-1.9190224315789473,0.0,0.0,0.023757894736842106,0.0,0.0
489,Y,-2.777368421052632,-0.17368421052631577,0.04105263157894736,-0.5863157894736842,-6.293818405263158,-0.7216164368421053,-1.0238484,-1.7587737315789476,0.4174631578947368,0.42105263157894735,0.5633310526315789,0.10526315789473684,0.47368421052631576
490,F,-0.04263157894736842,-0.17052631578947366,0.7215789473684211,0.34210526315789475,-0.7077251210526315,-0.196064752631579,-1.029811,-1.1098539157894738,0.9156105263157894,0.9473684210526315,0.8316,0.3157894736842105,0.9473684210526315
491,P,-2.6757894736842105,-2.1257894736842107,-4.2426315789473685,-3.2289473684210526,-6.06418457368421,-0.7216164368421053,-0.8062879,-1.6112422421052632,0.0,0.0,0.005061578947368421,0.0,0.0
492,L,-1.8673684210526313,-1.952105263157895,-3.06,-2.3026315789473686,-7.536703015789473,-0.3182409789473684,-1.0769836,-2.0171596210526315,0.08254157894736842,0.10526315789473684,0.03515052631578947,0.0,0.10526315789473684
493,Q,-0.15894736842105264,-0.3547368421052632,0.22736842105263155,0.21263157894736848,-0.8842590263157896,-0.33957332631578946,-0.9781925,-1.0806915842105262,0.7598105263157895,0.8421052631578947,0.6281357894736842,0.10526315789473684,0.8421052631578947
494,S,-0.1705263157894737,-0.41789473684210526,-0.0726315789473684,-0.03842105263157896,-2.9958704842105264,-0.669255205263158,-1.0984172,-1.3682580105263158,0.6674263157894738,0.6842105263157895,0.6031210526315789,0.10526315789473684,0.6842105263157895
495,Y,-1.9257894736842107,-1.8784210526315788,-3.6057894736842107,-2.71,-7.755517610526316,-0.7216164368421053,-1.3185625,-2.383728231578947,0.0,0.0,0.0,0.0,0.0
496,G,-1.528421052631579,-0.06894736842105263,1.0242105263157895,0.10526315789473684,-5.906273768421053,-0.6711945052631579,-1.1256735,-1.7777773789473683,0.6572321052631579,0.5789473684210527,0.588642105263158,0.05263157894736842,0.631578947368421
497,F,-3.9694736842105263,-2.062105263157895,-3.702105263157895,-2.98,-7.681349884210526,-0.196064752631579,-1.3917506,-2.4027864631578946,0.0,0.0,0.0,0.0,0.0
498,Q,-0.8026315789473685,-0.1473684210526316,0.15473684210526314,-0.04368421052631577,-0.9016726842105264,-0.33957332631578946,-1.0595914,-1.1417318947368422,0.6272489473684211,0.5789473684210527,0.41088526315789475,0.05263157894736842,0.5789473684210527
499,P,-0.5294736842105263,-0.5142105263157895,-0.4094736842105263,-0.3331578947368421,-3.8888321578947367,-0.7216164368421053,-1.0149483,-1.4092301736842103,0.5136631578947369,0.5789473684210527,0.49285526315789474,0.10526315789473684,0.6842105263157895
500,T,-1.1021052631578947,-0.2331578947368421,0.4863157894736842,-0.4031578947368421,-5.128758805263158,-0.7002840789473684,-0.8384403,-1.4651535421052633,0.8581247368421052,0.8947368421052632,0.15948047368421053,0.0,0.8947368421052632
501,N,-0.6389473684210526,-0.15631578947368419,0.9952631578947368,0.7000000000000001,-3.1203516999999996,-0.3977524894736842,-1.1076541,-1.3404439157894736,0.7716947368421053,0.8421052631578947,0.16397052631578948,0.0,0.8421052631578947
502,G,-4.354736842105263,0.08526315789473685,1.0678947368421052,-0.013157894736842105,-5.982000410526316,-0.6711945052631579,-1.0220455,-1.7092600736842103,0.0,0.0,0.042327473684210526,0.0,0.0
503,V,-0.16473684210526318,-0.28421052631578947,0.43105263157894735,-0.04421052631578946,-4.399490510526316,-0.304665847368421,-1.0856136,-1.4717400842105264,0.11715631578947368,0.05263157894736842,0.4783031578947368,0.10526315789473684,0.15789473684210525
504,G,-0.5373684210526315,-0.1863157894736842,1.0673684210526317,0.3963157894736842,-4.993795305263158,-0.6711945052631579,-1.2380058,-1.751182852631579,0.953921052631579,1.0,0.8010089473684211,0.2631578947368421,1.0
505,Y,-2.4357894736842107,0.0631578947368421,-0.21263157894736842,-1.1878947368421053,-5.671248252631578,-0.7216164368421053,-1.1212184,-1.7342543736842104,0.10133,0.05263157894736842,0.34441263157894736,0.0,0.05263157894736842
506,Q,-2.0210526315789474,-1.5426315789473684,-3.464210526315789,-2.3863157894736844,-7.7175954631578945,-0.33957332631578946,-1.3010783,-2.2761781052631576,0.054947368421052634,0.05263157894736842,0.06346842105263158,0.0,0.05263157894736842
507,P,-4.03421052631579,-2.251578947368421,-3.3510526315789475,-2.4405263157894734,-5.916843468421052,-0.7216164368421053,-1.4844136,-2.2645083105263155,0.018163157894736843,0.0,0.024173684210526316,0.0,0.0
508,Y,-1.0089473684210526,-1.4005263157894736,-3.3684210526315788,-2.7273684210526317,-6.029472589473684,-0.7216164368421053,-1.5679273,-2.4478514789473684,0.026475263157894734,0.0,0.2915436842105263,0.15789473684210525,0.15789473684210525
509,R,-3.8173684210526315,-2.5073684210526315,-3.443684210526316,-2.634210526315789,-8.133881921052632,2.8329239736842107,-1.5194981,-2.363193705263158,0.0,0.0,0.0,0.0,0.0
510,V,-3.028421052631579,-2.7026315789473685,-3.435263157894737,-2.477894736842105,-8.269031089473684,-0.304665847368421,-1.7047284,-3.184090805263158,0.002973157894736842,0.0,0.006421052631578947,0.0,0.0
511,V,-2.7526315789473683,-2.6973684210526314,-3.322631578947368,-2.47,-8.122594910526315,-0.304665847368421,-1.7484446999999999,-3.248902615789474,0.0,0.0,0.0,0.0,0.0
512,V,-3.210526315789474,-2.8089473684210526,-3.629473684210527,-2.5289473684210524,-8.646163147368421,-0.304665847368421,-1.7781527000000001,-3.4628959263157895,0.0025521052631578946,0.0,0.003904210526315789,0.0,0.0
513,L,-2.695263157894737,-2.7294736842105265,-3.241578947368421,-2.3878947368421053,-8.354905652631578,-0.3182409789473684,-1.8380528000000003,-3.5408369526315786,0.004909473684210526,0.0,0.012190526315789473,0.0,0.0
514,S,-0.25999999999999995,-0.6947368421052631,-1.6373684210526316,-1.196842105263158,-8.46005795263158,-0.669255205263158,-1.7442170999999997,-3.371316321052632,0.14539947368421055,0.0,0.024345,0.0,0.0
515,F,-0.8363157894736842,-2.157368421052632,-2.943157894736842,-2.241052631578947,-8.042234389473684,-0.196064752631579,-1.8519903,-3.4768735894736844,0.0055947368421052635,0.0,0.011080526315789475,0.0,0.0
516,E,-0.2142105263157895,-1.263157894736842,-0.9905263157894737,-0.6757894736842105,-7.956720289473684,1.0919526894736842,-1.70032,-2.8816763263157896,0.15026842105263158,0.0,0.02616136842105263,0.0,0.0
517,L,-0.023684210526315794,-0.2657894736842105,0.9726315789473684,1.003157894736842,-8.051978484210526,-0.3182409789473684,-1.79298,-3.3445583789473683,0.04706473684210526,0.0,0.10450584210526316,0.05263157894736842,0.05263157894736842
518,L,-0.008421052631578947,0.06842105263157894,,,-7.9896144,-0.3182409789473684,-1.6873960000000001,-3.074104347368421,0.2342821052631579,0.15789473684210525,0.09194033684210526,0.0,0.15789473684210525
519,H,-0.05157894736842105,-0.4826315789473684,,,-1.5624832842105263,0.7326565631578947,-1.6411174,-1.8691680421052634,0.04339684210526316,0.0,0.2089350526315789,0.05263157894736842,0.05263157894736842
520,A,-0.04631578947368421,-0.3026315789473684,,,-8.160790405263159,-0.6188332684210526,-1.8359036,-3.525018963157895,0.05960736842105264,0.0,0.3162928947368421,0.10526315789473684,0.10526315789473684
521,P,-0.08684210526315789,-0.8494736842105264,,,-8.008067889473685,-0.7216164368421053,-1.8248802,-3.4645141210526313,0.02717421052631579,0.0,0.08612931578947368,0.05263157894736842,0.05263157894736842
522,A,-0.01105263157894737,-0.11526315789473685,,,-7.953070726315789,-0.6188332684210526,-1.8198168,-3.4264397,0.05214,0.0,0.03632278947368422,0.0,0.0
523,T,-0.035333333333333335,-1.5006666666666668,,,-8.40013882631579,-0.7002840789473684,-1.8116300000000003,-3.526667821052632,0.008035263157894736,0.0,0.01247142105263158,0.0,0.0
524,V,-0.39909090909090916,-0.5711111111111111,,,-9.420508184210526,-0.304665847368421,-1.8840202000000001,-3.9580994210526317,0.008646315789473684,0.0,0.02539578947368421,0.0,0.0
525,C,-0.1431578947368421,-0.6068421052631578,,,-9.451830768421052,-0.7177378263157895,-1.9053062,-4.078743447368422,0.027249473684210525,0.0,0.24240394736842105,0.05263157894736842,0.05263157894736842
526,G,-0.05052631578947368,-0.275,,,-8.374725015789473,-0.6711945052631579,-1.8851476,-3.7165667736842103,0.03584947368421052,0.0,0.13525773684210526,0.05263157894736842,0.05263157894736842
527,P,0.01684210526315789,0.15789473684210525,,,-7.838781131578948,-0.7216164368421053,-1.7900943000000002,-3.330221505263158,0.05731210526315789,0.0,0.006284052631578947,0.0,0.0
528,K,-0.013157894736842105,-0.031578947368421054,,,-8.05153647368421,1.6111617684210529,-1.7572129,-2.974615905263158,0.059555789473684215,0.0,0.008574,0.0,0.0
529,K,-0.003157894736842105,0.07684210526315789,,,-2.835989863157895,1.6111617684210529,-1.2886011,-1.2431311,0.07221,0.0,0.0633721052631579,0.05263157894736842,0.05263157894736842
530,S,0.005263157894736842,-0.02421052631578947,,,-8.271770905263157,-0.669255205263158,-1.5431097,-2.876999163157895,0.06233421052631579,0.0,0.008209631578947368,0.0,0.0
531,T,-0.005789473684210527,-0.01,,,-9.042255905263158,-0.7002840789473684,-1.5734252,-3.1558371105263157,0.05411894736842105,0.0,0.008800684210526316,0.0,0.0
